-1,-1,-1,-1,-1,-1,-1,-1,-1,-1,-1,-1,-1,-1,-1,-1,-1,-1,-1,-1,-1,-1,-1,-1,-1,-1,-1,-1,-1,-1,-1,-1,-1,-1,-1,-1,-1,-1,-1,-1,-1,-1,-1,-1,-1,-1,-1,-1,-1,-1,-1,-1,-1,-1,-1,-1,-1,-1,-1,-1,-1,-1,-1,-1,-1,-1,-1,-1,-1,-1,-1,-1,-1,-1,-1,-1,-1,-1,-1,-1,-1,-1,-1,-1,-1,-1,-1,-1,-1,-1,-1,-1,-1,-1,-1,-1,-1,-1,-1,-1,-1,-1,-1,-1,-1,-1,-1,-1,-1,-1,-1,-1,-1,-1,-1,-1,-1,-1,-1,-1,-1,-1,-1,-1,-1,-1,-1,-1,-1,-1,-1,-1,-1,-1,-1,-1,-1,-1,-1,-1,-1,-1,-1,-1,-1,-1,-1,-1,-1,-1,-1,-1,-1,-1,-1,-1,-1,-1,-1,-1,-1,-1,-1,-1,-1,-1,-1,-1,-1,-1,-1,-1,-1,-1,-1,-1,-1,-1,-1,-1,-1,-1,-1,-1,-1,-1,-1,-1,-1,-1,-1,-1,-1,-1,-1,-1,-1,-1,-1,-1,-1,-1,-1,-1,-1,-1,-1,-1,-1,-1,-1,-1,-1,-1,-1,-1,-1,-1,-1,-1,-1,-1,-1,-1,-1,-1,-1,-1,-1,-1,-1,-1,-1,-1,-1,-1,-1,-1,-1,-1,-1,-1,-1,-1,-1,-1,-1,-1,-1,-1,-1,-1,-1,-1,-1,-1,-1,-1,-1,-1,-1,-1,-1,-1,-1,-1
-1,-1,-1,-1,-1,-1,-1,-1,-1,-1,-1,-1,-1,-1,-1,-1,-1,-1,-1,-1,-1,-1,-1,-1,-1,-1,-1,-1,-1,-1,-1,-1,-1,-1,-1,-1,-1,-1,-1,-1,-1,-1,-1,-1,-1,-1,-1,-1,-1,-1,-1,-1,-1,-1,-1,-1,-1,-1,-1,-1,-1,-1,-1,-1,-1,-1,-1,-1,-1,-1,-1,-1,-1,-1,-1,-1,-1,-1,-1,-1,-1,-1,-1,-1,-1,-1,-1,-1,-1,-1,-1,-1,-1,-1,-1,-1,-1,-1,-1,-1,-1,-1,-1,-1,-1,-1,-1,-1,-1,-1,-1,-1,-1,-1,-1,-1,-1,-1,-1,-1,-1,-1,-1,-1,-1,-1,-1,-1,-1,-1,-1,-1,-1,-1,-1,-1,-1,-1,-1,-1,-1,-1,-1,-1,-1,-1,-1,-1,-1,-1,-1,-1,-1,-1,-1,-1,-1,-1,-1,-1,-1,-1,-1,-1,-1,-1,-1,-1,-1,-1,-1,-1,-1,-1,-1,-1,-1,-1,-1,-1,-1,-1,-1,-1,-1,-1,-1,-1,-1,-1,-1,-1,-1,-1,-1,-1,-1,-1,-1,-1,-1,-1,-1,-1,-1,-1,-1,-1,-1,-1,-1,-1,-1,-1,-1,-1,-1,-1,-1,-1,-1,-1,-1,-1,-1,-1,-1,-1,-1,-1,-1,-1,-1,-1,-1,-1,-1,-1,-1,-1,-1,-1,-1,-1,-1,-1,-1,-1,-1,-1,-1,-1,-1,-1,-1,-1,-1,-1,-1,-1,-1,-1,-1,-1,-1,-1
-1,-1,-1,-1,-1,-1,-1,-1,-1,-1,-1,-1,-1,-1,-1,-1,-1,-1,-1,-1,-1,-1,-1,-1,-1,-1,-1,-1,-1,-1,-1,-1,-1,-1,-1,-1,-1,-1,-1,-1,-1,-1,-1,-1,-1,-1,-1,-1,-1,-1,-1,-1,-1,-1,-1,-1,-1,-1,-1,-1,-1,-1,-1,-1,-1,-1,-1,-1,-1,-1,-1,-1,-1,-1,-1,-1,-1,-1,-1,-1,-1,-1,-1,-1,-1,-1,-1,-1,-1,-1,-1,-1,-1,-1,-1,-1,-1,-1,-1,-1,-1,-1,-1,-1,-1,-1,-1,-1,-1,-1,-1,-1,-1,-1,-1,-1,-1,-1,-1,-1,-1,-1,-1,-1,-1,-1,-1,-1,-1,-1,-1,-1,-1,-1,-1,-1,-1,-1,-1,-1,-1,-1,-1,-1,-1,-1,-1,-1,-1,-1,-1,-1,-1,-1,-1,-1,-1,-1,-1,-1,-1,-1,-1,-1,-1,-1,-1,-1,-1,-1,-1,-1,-1,-1,-1,-1,-1,-1,-1,-1,-1,-1,-1,-1,-1,-1,-1,-1,-1,-1,-1,-1,-1,-1,-1,-1,-1,-1,-1,-1,-1,-1,-1,-1,-1,-1,-1,-1,-1,-1,-1,-1,-1,-1,-1,-1,-1,-1,-1,-1,-1,-1,-1,-1,-1,-1,-1,-1,-1,-1,-1,-1,-1,-1,-1,-1,-1,-1,-1,-1,-1,-1,-1,-1,-1,-1,-1,-1,-1,-1,-1,-1,-1,-1,-1,-1,-1,-1,-1,-1,-1,-1,-1,-1,-1,-1
-1,-1,-1,-1,-1,-1,-1,-1,-1,-1,-1,-1,-1,-1,-1,-1,-1,-1,-1,-1,-1,-1,-1,-1,-1,-1,-1,-1,-1,-1,-1,-1,-1,-1,-1,-1,-1,-1,-1,-1,-1,-1,-1,-1,-1,-1,-1,-1,-1,-1,-1,-1,-1,-1,-1,-1,-1,-1,-1,-1,-1,-1,-1,-1,-1,-1,-1,-1,-1,-1,-1,-1,-1,-1,-1,-1,-1,-1,-1,-1,-1,-1,-1,-1,-1,-1,-1,-1,-1,-1,-1,-1,-1,-1,-1,-1,-1,-1,-1,-1,-1,-1,-1,-1,-1,-1,-1,-1,-1,-1,-1,-1,-1,-1,-1,-1,-1,-1,-1,-1,-1,-1,-1,-1,-1,-1,-1,-1,-1,-1,-1,-1,-1,-1,-1,-1,-1,-1,-1,-1,-1,-1,-1,-1,-1,-1,-1,-1,-1,-1,-1,-1,-1,-1,-1,-1,-1,-1,-1,-1,-1,-1,-1,-1,-1,-1,-1,-1,-1,-1,-1,-1,-1,-1,-1,-1,-1,-1,-1,-1,-1,-1,-1,-1,-1,-1,-1,-1,-1,-1,-1,-1,-1,-1,-1,-1,-1,-1,-1,-1,-1,-1,-1,-1,-1,-1,-1,-1,-1,-1,-1,-1,-1,-1,-1,-1,-1,-1,-1,-1,-1,-1,-1,-1,-1,-1,-1,-1,-1,-1,-1,-1,-1,-1,-1,-1,-1,-1,-1,-1,-1,-1,-1,-1,-1,-1,-1,-1,-1,-1,-1,-1,-1,-1,-1,-1,-1,-1,-1,-1,-1,-1,-1,-1,-1,-1
-1,-1,-1,-1,-1,-1,-1,-1,-1,-1,-1,-1,-1,-1,-1,-1,-1,-1,-1,-1,-1,-1,-1,-1,-1,-1,-1,-1,-1,-1,-1,-1,-1,-1,-1,-1,-1,-1,-1,-1,-1,-1,-1,-1,-1,-1,-1,-1,-1,-1,-1,-1,-1,-1,-1,-1,-1,-1,-1,-1,-1,-1,-1,-1,-1,-1,-1,-1,-1,-1,-1,-1,-1,-1,-1,-1,-1,-1,-1,-1,-1,-1,-1,-1,-1,-1,-1,-1,-1,-1,-1,-1,-1,-1,-1,-1,-1,-1,-1,-1,-1,-1,-1,-1,-1,-1,-1,-1,-1,-1,-1,-1,-1,-1,-1,-1,-1,-1,-1,-1,-1,-1,-1,-1,-1,-1,-1,-1,-1,-1,-1,-1,-1,-1,-1,-1,-1,-1,-1,-1,-1,-1,-1,-1,-1,-1,-1,-1,-1,-1,-1,-1,-1,-1,-1,-1,-1,-1,-1,-1,-1,-1,-1,-1,-1,-1,-1,-1,-1,-1,-1,-1,-1,-1,-1,-1,-1,-1,-1,-1,-1,-1,-1,-1,-1,-1,-1,-1,-1,-1,-1,-1,-1,-1,-1,-1,-1,-1,-1,-1,-1,-1,-1,-1,-1,-1,-1,-1,-1,-1,-1,-1,-1,-1,-1,-1,-1,-1,-1,-1,-1,-1,-1,-1,-1,-1,-1,-1,-1,-1,-1,-1,-1,-1,-1,-1,-1,-1,-1,-1,-1,-1,-1,-1,-1,-1,-1,-1,-1,-1,-1,-1,-1,-1,-1,-1,-1,-1,-1,-1,-1,-1,-1,-1,-1,-1
-1,-1,-1,-1,-1,-1,-1,-1,-1,-1,-1,-1,-1,-1,-1,-1,-1,-1,-1,-1,-1,-1,-1,-1,-1,-1,-1,-1,-1,-1,-1,-1,-1,-1,-1,-1,-1,-1,-1,-1,-1,-1,-1,-1,-1,-1,-1,-1,-1,-1,-1,-1,-1,-1,-1,-1,-1,-1,-1,-1,-1,-1,-1,-1,-1,-1,-1,-1,-1,-1,-1,-1,-1,-1,-1,-1,-1,-1,-1,-1,-1,-1,-1,-1,-1,-1,-1,-1,-1,-1,-1,-1,-1,-1,-1,-1,-1,-1,-1,-1,-1,-1,-1,-1,-1,-1,-1,-1,-1,-1,-1,-1,-1,-1,-1,-1,-1,-1,-1,-1,-1,-1,-1,-1,-1,-1,-1,-1,-1,-1,-1,-1,-1,-1,-1,-1,-1,-1,-1,-1,-1,-1,-1,-1,-1,-1,-1,-1,-1,-1,-1,-1,-1,-1,-1,-1,-1,-1,-1,-1,-1,-1,-1,-1,-1,-1,-1,-1,-1,-1,-1,-1,-1,-1,-1,-1,-1,-1,-1,-1,-1,-1,-1,-1,-1,-1,-1,-1,-1,-1,-1,-1,-1,-1,-1,-1,-1,-1,-1,-1,-1,-1,-1,-1,-1,-1,-1,-1,-1,-1,-1,-1,-1,-1,-1,-1,-1,-1,-1,-1,-1,-1,-1,-1,-1,-1,-1,-1,-1,-1,-1,-1,-1,-1,-1,-1,-1,-1,-1,-1,-1,-1,-1,-1,-1,-1,-1,-1,-1,-1,-1,-1,-1,-1,-1,-1,-1,-1,-1,-1,-1,-1,-1,-1,-1,-1
-1,-1,-1,-1,-1,-1,-1,-1,-1,-1,-1,-1,-1,-1,-1,-1,-1,-1,-1,-1,-1,-1,-1,-1,-1,-1,-1,-1,-1,-1,-1,-1,-1,-1,-1,-1,-1,-1,-1,-1,-1,-1,-1,-1,-1,-1,-1,-1,-1,-1,-1,-1,-1,-1,-1,-1,-1,-1,-1,-1,-1,-1,-1,-1,-1,-1,-1,-1,-1,-1,-1,-1,-1,-1,-1,-1,-1,-1,-1,-1,-1,-1,-1,-1,-1,-1,-1,-1,-1,-1,-1,-1,-1,-1,-1,-1,-1,-1,-1,-1,-1,-1,-1,-1,-1,-1,-1,-1,-1,-1,-1,-1,-1,-1,-1,-1,-1,-1,-1,-1,-1,-1,-1,-1,-1,-1,-1,-1,-1,-1,-1,-1,-1,-1,-1,-1,-1,-1,-1,-1,-1,-1,-1,-1,-1,-1,-1,-1,-1,-1,-1,-1,-1,-1,-1,-1,-1,-1,-1,-1,-1,-1,-1,-1,-1,-1,-1,-1,-1,-1,-1,-1,-1,-1,-1,-1,-1,-1,-1,-1,-1,-1,-1,-1,-1,-1,-1,-1,-1,-1,-1,-1,-1,-1,-1,-1,-1,-1,-1,-1,-1,-1,-1,-1,-1,-1,-1,-1,-1,-1,-1,-1,-1,-1,-1,-1,-1,-1,-1,-1,-1,-1,-1,-1,-1,-1,-1,-1,-1,-1,-1,-1,-1,-1,-1,-1,-1,-1,-1,-1,-1,-1,-1,-1,-1,-1,-1,-1,-1,-1,-1,-1,-1,-1,-1,-1,-1,-1,-1,-1,-1,-1,-1,-1,-1,-1
-1,-1,-1,-1,-1,-1,-1,-1,-1,-1,-1,-1,-1,-1,-1,-1,-1,-1,-1,-1,-1,-1,-1,-1,-1,-1,-1,-1,-1,-1,-1,-1,-1,-1,-1,-1,-1,-1,-1,-1,-1,-1,-1,-1,-1,-1,-1,-1,-1,-1,-1,-1,-1,-1,-1,-1,-1,-1,-1,-1,-1,-1,-1,-1,-1,-1,-1,-1,-1,-1,-1,-1,-1,-1,-1,-1,-1,-1,-1,-1,-1,-1,-1,-1,-1,-1,-1,-1,-1,-1,-1,-1,-1,-1,-1,-1,-1,-1,-1,-1,-1,-1,-1,-1,-1,-1,-1,-1,-1,-1,-1,-1,-1,-1,-1,-1,-1,-1,-1,-1,-1,-1,-1,-1,-1,-1,-1,-1,-1,-1,-1,-1,-1,-1,-1,-1,-1,-1,-1,-1,-1,-1,-1,-1,-1,-1,-1,-1,-1,-1,-1,-1,-1,-1,-1,-1,-1,-1,-1,-1,-1,-1,-1,-1,-1,-1,-1,-1,-1,-1,-1,-1,-1,-1,-1,-1,-1,-1,-1,-1,-1,-1,-1,-1,-1,-1,-1,-1,-1,-1,-1,-1,-1,-1,-1,-1,-1,-1,-1,-1,-1,-1,-1,-1,-1,-1,-1,-1,-1,-1,-1,-1,-1,-1,-1,-1,-1,-1,-1,-1,-1,-1,-1,-1,-1,-1,-1,-1,-1,-1,-1,-1,-1,-1,-1,-1,-1,-1,-1,-1,-1,-1,-1,-1,-1,-1,-1,-1,-1,-1,-1,-1,-1,-1,-1,-1,-1,-1,-1,-1,-1,-1,-1,-1,-1,-1
-1,-1,-1,-1,-1,-1,-1,-1,-1,-1,-1,-1,-1,-1,-1,-1,-1,-1,-1,-1,-1,-1,-1,-1,-1,-1,-1,-1,-1,-1,-1,-1,-1,-1,-1,-1,-1,-1,-1,-1,-1,-1,-1,-1,-1,-1,-1,-1,-1,-1,-1,-1,-1,-1,-1,-1,-1,-1,-1,-1,-1,-1,-1,-1,-1,-1,-1,-1,-1,-1,-1,-1,-1,-1,-1,-1,-1,-1,-1,-1,-1,-1,-1,-1,-1,-1,-1,-1,-1,-1,-1,-1,-1,-1,-1,-1,-1,-1,-1,-1,-1,-1,-1,-1,-1,-1,-1,-1,-1,-1,-1,-1,-1,-1,-1,-1,-1,-1,-1,-1,-1,-1,-1,-1,-1,-1,-1,-1,-1,-1,-1,-1,-1,-1,-1,-1,-1,-1,-1,-1,-1,-1,-1,-1,-1,-1,-1,-1,-1,-1,-1,-1,-1,-1,-1,-1,-1,-1,-1,-1,-1,-1,-1,-1,-1,-1,-1,-1,-1,-1,-1,-1,-1,-1,-1,-1,-1,-1,-1,-1,-1,-1,-1,-1,-1,-1,-1,-1,-1,-1,-1,-1,-1,-1,-1,-1,-1,-1,-1,-1,-1,-1,-1,-1,-1,-1,-1,-1,-1,-1,-1,-1,-1,-1,-1,-1,-1,-1,-1,-1,-1,-1,-1,-1,-1,-1,-1,-1,-1,-1,-1,-1,-1,-1,-1,-1,-1,-1,-1,-1,-1,-1,-1,-1,-1,-1,-1,-1,-1,-1,-1,-1,-1,-1,-1,-1,-1,-1,-1,-1,-1,-1,-1,-1,-1,-1
-1,-1,-1,-1,-1,-1,-1,-1,-1,-1,-1,-1,-1,-1,-1,-1,-1,-1,-1,-1,-1,-1,-1,-1,-1,-1,-1,-1,-1,-1,99.26808167,-1,-1,-1,-1,-1,-1,-1,-1,-1,-1,-1,-1,-1,-1,-1,-1,-1,-1,-1,-1,-1,-1,-1,-1,-1,-1,-1,-1,-1,-1,-1,-1,-1,-1,-1,-1,-1,-1,-1,-1,-1,-1,-1,-1,-1,-1,-1,-1,-1,-1,-1,-1,-1,-1,-1,-1,-1,-1,-1,97.79447174,-1,-1,-1,-1,-1,-1,-1,-1,-1,-1,-1,-1,-1,-1,-1,-1,-1,-1,-1,-1,-1,-1,-1,-1,-1,-1,-1,-1,-1,-1,-1,-1,-1,-1,-1,-1,-1,-1,-1,-1,-1,-1,-1,-1,-1,-1,-1,-1,-1,-1,-1,-1,-1,-1,-1,-1,-1,-1,-1,-1,-1,-1,-1,-1,-1,-1,-1,-1,-1,-1,-1,-1,-1,-1,-1,-1,-1,-1,-1,-1,-1,-1,-1,-1,-1,-1,-1,-1,-1,-1,-1,-1,-1,-1,-1,-1,-1,-1,-1,-1,-1,-1,-1,-1,-1,-1,-1,-1,-1,-1,-1,-1,-1,-1,-1,-1,-1,-1,-1,-1,-1,-1,-1,-1,-1,-1,-1,-1,-1,-1,-1,-1,-1,-1,-1,-1,-1,-1,-1,-1,-1,-1,-1,-1,-1,-1,-1,-1,-1,-1,-1,-1,-1,-1,-1,-1,-1,-1,-1,-1,-1,-1,95.63215637,-1,-1,-1,-1,-1,-1,-1,-1,-1,-1,-1,-1
-1,-1,-1,-1,-1,-1,-1,-1,-1,-1,-1,-1,-1,-1,-1,-1,-1,-1,-1,-1,-1,-1,-1,-1,-1,-1,-1,-1,-1,-1,-1,-1,-1,-1,-1,-1,-1,-1,-1,-1,-1,-1,-1,-1,-1,-1,-1,-1,-1,-1,-1,-1,-1,-1,-1,-1,-1,-1,-1,-1,-1,-1,-1,-1,-1,-1,-1,-1,-1,-1,-1,-1,-1,-1,-1,-1,-1,-1,-1,-1,-1,-1,-1,-1,-1,-1,-1,-1,-1,-1,-1,-1,-1,-1,-1,-1,-1,-1,-1,-1,-1,-1,-1,-1,-1,-1,-1,-1,-1,-1,-1,-1,-1,-1,-1,-1,-1,-1,-1,-1,-1,-1,-1,-1,-1,-1,-1,-1,-1,-1,-1,-1,-1,-1,-1,-1,-1,-1,-1,-1,-1,-1,-1,-1,-1,-1,-1,-1,-1,-1,-1,-1,-1,-1,-1,-1,-1,-1,-1,-1,-1,-1,-1,-1,-1,-1,-1,-1,-1,-1,-1,-1,-1,-1,-1,-1,-1,-1,-1,-1,-1,-1,-1,-1,-1,-1,-1,-1,-1,-1,-1,-1,-1,-1,-1,-1,-1,-1,-1,-1,-1,-1,-1,-1,-1,-1,-1,-1,-1,-1,-1,-1,-1,-1,-1,-1,-1,-1,-1,-1,-1,-1,-1,-1,-1,-1,-1,-1,-1,-1,-1,-1,-1,-1,-1,-1,-1,-1,38.72462082,-1,-1,-1,-1,-1,-1,-1,-1,-1,-1,-1,-1,-1,-1,-1,-1,-1,-1,-1,-1,-1,-1,-1,-1,-1,-1,-1
-1,-1,-1,-1,-1,-1,-1,-1,-1,-1,-1,-1,-1,-1,-1,-1,-1,-1,-1,-1,-1,-1,-1,-1,-1,-1,-1,-1,-1,-1,-1,-1,-1,-1,-1,-1,-1,-1,-1,-1,-1,-1,-1,-1,-1,-1,-1,-1,-1,-1,-1,-1,-1,-1,-1,-1,-1,-1,-1,-1,-1,-1,-1,-1,-1,-1,-1,-1,-1,-1,-1,-1,-1,-1,-1,-1,-1,-1,-1,-1,-1,-1,-1,-1,-1,-1,-1,-1,-1,-1,-1,-1,-1,-1,-1,-1,-1,-1,-1,-1,-1,-1,-1,-1,-1,-1,-1,-1,-1,-1,-1,-1,-1,-1,-1,-1,-1,-1,-1,-1,-1,-1,-1,-1,-1,-1,-1,-1,-1,-1,-1,-1,-1,-1,-1,-1,-1,-1,-1,-1,-1,-1,-1,-1,-1,-1,-1,-1,-1,-1,-1,-1,-1,-1,-1,-1,-1,-1,-1,-1,-1,39.56261063,-1,-1,-1,-1,-1,-1,-1,-1,-1,-1,-1,-1,-1,-1,-1,-1,-1,-1,-1,-1,-1,-1,-1,-1,-1,-1,-1,-1,-1,-1,-1,-1,-1,-1,-1,-1,-1,-1,-1,-1,-1,-1,-1,-1,-1,-1,-1,-1,-1,-1,-1,5.404650211,-1,-1,-1,-1,-1,-1,-1,-1,-1,-1,-1,-1,-1,-1,-1,-1,-1,-1,-1,-1,-1,-1,-1,-1,39.20930099,-1,-1,-1,-1,-1,-1,-1,-1,-1,-1,-1,-1,-1,-1,-1,-1,-1,-1,-1,-1,-1,-1,-1,-1,-1,-1,-1
-1,-1,-1,-1,-1,-1,-1,-1,-1,-1,-1,-1,-1,-1,-1,-1,-1,-1,-1,-1,-1,-1,-1,-1,-1,-1,-1,-1,-1,-1,-1,-1,-1,-1,-1,-1,-1,-1,-1,-1,-1,-1,-1,-1,-1,-1,-1,-1,-1,-1,-1,-1,-1,-1,-1,-1,-1,-1,-1,-1,-1,-1,-1,-1,-1,-1,-1,-1,-1,-1,-1,-1,-1,-1,-1,-1,-1,-1,-1,-1,-1,-1,-1,-1,-1,-1,-1,-1,-1,-1,-1,-1,-1,-1,-1,-1,-1,-1,-1,-1,-1,-1,-1,-1,-1,-1,-1,-1,-1,-1,-1,-1,-1,-1,-1,-1,-1,-1,-1,-1,-1,-1,-1,-1,-1,-1,-1,-1,-1,-1,-1,-1,-1,-1,-1,-1,-1,-1,-1,-1,-1,-1,-1,-1,-1,-1,-1,-1,-1,-1,-1,-1,-1,42.9323082,-1,-1,-1,-1,-1,-1,-1,40.05121994,-1,-1,-1,-1,-1,-1,-1,-1,-1,-1,-1,-1,-1,-1,-1,-1,-1,-1,-1,-1,-1,-1,-1,-1,-1,-1,-1,-1,-1,-1,-1,-1,-1,-1,-1,-1,-1,-1,-1,-1,-1,-1,-1,-1,-1,-1,-1,-1,-1,-1,-1,-1,-1,-1,-1,-1,-1,-1,-1,-1,-1,-1,-1,-1,-1,-1,-1,-1,-1,-1,-1,-1,-1,-1,-1,-1,39.69934845,-1,-1,-1,-1,-1,-1,-1,-1,-1,-1,-1,-1,-1,-1,-1,-1,-1,-1,-1,-1,-1,-1,-1,-1,-1,-1,-1
-1,-1,-1,-1,-1,-1,-1,-1,-1,-1,-1,-1,-1,-1,-1,-1,-1,-1,-1,-1,-1,-1,-1,-1,-1,-1,-1,-1,-1,-1,-1,-1,-1,-1,-1,-1,-1,-1,-1,-1,-1,-1,-1,-1,-1,-1,-1,-1,-1,-1,-1,-1,-1,-1,-1,-1,-1,-1,-1,-1,-1,-1,-1,-1,-1,-1,-1,-1,-1,-1,-1,-1,-1,-1,-1,-1,-1,-1,-1,-1,-1,-1,-1,-1,-1,-1,-1,-1,-1,-1,-1,-1,-1,-1,-1,-1,-1,-1,-1,-1,-1,-1,-1,-1,-1,-1,-1,-1,-1,-1,-1,-1,-1,-1,-1,-1,-1,-1,-1,-1,-1,-1,-1,-1,-1,-1,-1,-1,78.01447296,-1,-1,-1,-1,-1,78.82582855,-1,-1,-1,-1,-1,-1,-1,-1,-1,-1,-1,-1,-1,-1,-1,-1,-1,-1,43.42798996,-1,-1,-1,-1,-1,-1,-1,40.5451889,-1,-1,-1,-1,-1,-1,-1,-1,-1,-1,-1,-1,-1,-1,-1,-1,-1,-1,-1,-1,-1,-1,-1,-1,-1,-1,-1,-1,-1,-1,-1,-1,-1,-1,-1,-1,-1,-1,-1,-1,-1,-1,-1,-1,-1,-1,-1,-1,-1,-1,-1,-1,-1,-1,-1,-1,-1,-1,-1,-1,-1,-1,-1,-1,-1,-1,-1,-1,-1,-1,-1,-1,-1,-1,78.08843231,-1,40.19454956,-1,-1,-1,-1,-1,-1,-1,-1,-1,-1,-1,-1,-1,-1,-1,-1,-1,-1,-1,-1,-1,-1,-1,-1,-1,-1,-1
-1,-1,-1,-1,-1,-1,-1,-1,53.51488113,-1,-1,-1,-1,-1,-1,-1,-1,-1,-1,8.830229759,-1,-1,-1,-1,-1,-1,-1,-1,-1,-1,-1,-1,-1,-1,18.23616982,-1,-1,-1,-1,-1,-1,-1,-1,-1,-1,-1,-1,-1,-1,-1,-1,-1,-1,-1,-1,-1,-1,-1,-1,-1,-1,-1,48.84733963,-1,-1,-1,-1,-1,-1,-1,-1,-1,-1,-1,-1,-1,-1,-1,-1,-1,-1,-1,-1,-1,-1,-1,-1,-1,-1,-1,-1,-1,-1,-1,-1,-1,-1,-1,-1,-1,-1,-1,63.07725143,59.7594986,-1,-1,-1,-1,-1,-1,-1,-1,-1,-1,-1,-1,-1,-1,-1,-1,-1,-1,-1,-1,-1,-1,-1,59.56438828,78.01526642,-1,-1,-1,-1,-1,78.8215332,-1,-1,-1,-1,47.38412857,59.01322937,-1,-1,-1,-1,-1,-1,-1,-1,-1,-1,-1,-1,43.95631027,-1,-1,60.17663956,-1,-1,-1,-1,41.07806015,-1,-1,-1,-1,-1,-1,-1,-1,-1,-1,-1,-1,-1,-1,-1,-1,-1,-1,-1,-1,-1,-1,-1,-1,-1,-1,-1,-1,-1,-1,-1,-1,-1,-1,-1,-1,-1,-1,-1,-1,-1,-1,36.24779129,-1,-1,-1,-1,-1,-1,-1,-1,-1,-1,-1,-1,-1,-1,-1,-1,-1,-1,-1,-1,-1,-1,-1,-1,-1,-1,-1,-1,-1,-1,-1,78.09028625,-1,40.72991943,-1,36.24779129,-1,-1,-1,61.62768173,-1,-1,-1,-1,-1,93.86106873,-1,-1,-1,-1,-1,-1,-1,-1,-1,-1,-1,-1,-1,-1,-1
-1,-1,-1,-1,-1,-1,-1,-1,-1,-1,-1,-1,-1,-1,-1,-1,-1,-1,-1,-1,-1,-1,-1,-1,-1,-1,-1,-1,63.20814896,-1,-1,-1,-1,-1,-1,-1,-1,-1,-1,-1,-1,-1,41.21620941,-1,-1,-1,-1,-1,-1,-1,-1,-1,-1,-1,-1,-1,-1,-1,-1,-1,-1,63.81467819,49.08456039,65.94049072,-1,-1,-1,38.19675827,-1,-1,-1,-1,-1,-1,-1,-1,-1,-1,-1,-1,-1,-1,-1,-1,-1,-1,-1,-1,-1,-1,-1,-1,-1,-1,-1,-1,-1,-1,-1,-1,-1,-1,63.17380142,59.85863113,-1,-1,-1,-1,-1,-1,-1,-1,36.51839828,-1,-1,-1,-1,-1,-1,-1,-1,-1,-1,-1,-1,-1,-1,-1,78.3685379,-1,-1,-1,-1,-1,79.15207672,-1,-1,-1,-1,47.45420837,59.12675095,-1,70.43502808,-1,-1,-1,-1,-1,-1,-1,-1,-1,-1,44.48236847,-1,-1,60.28115082,-1,9.433810234,-1,-1,41.60084915,-1,-1,-1,-1,-1,-1,-1,-1,-1,-1,91.30036926,-1,-1,-1,-1,-1,-1,-1,-1,-1,-1,-1,-1,-1,-1,-1,-1,-1,-1,-1,-1,-1,-1,-1,-1,-1,-1,-1,-1,-1,-1,-1,36.26089859,-1,-1,-1,-1,-1,-1,-1,-1,-1,-1,-1,-1,-1,-1,-1,-1,-1,-1,-1,55.32503891,-1,-1,-1,-1,-1,63.33604813,-1,-1,-1,-1,-1,78.4397583,-1,41.25621033,99.59246063,36.26089859,-1,-1,-1,-1,-1,-1,-1,-1,69.2148819,-1,-1,-1,-1,-1,-1,-1,-1,-1,66.91512299,-1,-1,-1,-1,-1,-1
-1,-1,-1,-1,-1,-1,-1,44.90296936,-1,-1,-1,-1,-1,-1,-1,-1,-1,-1,-1,-1,-1,-1,-1,-1,-1,-1,-1,-1,-1,-1,-1,-1,-1,-1,-1,-1,-1,-1,-1,-1,-1,-1,-1,-1,-1,-1,-1,-1,-1,-1,-1,-1,-1,-1,-1,-1,-1,-1,-1,-1,-1,63.9865799,49.72158051,66.13179016,-1,-1,-1,-1,-1,-1,-1,-1,-1,-1,-1,-1,-1,-1,-1,-1,-1,-1,-1,-1,-1,-1,-1,-1,-1,-1,-1,-1,-1,-1,-1,-1,-1,-1,-1,-1,-1,-1,63.44282913,60.12987137,-1,-1,-1,-1,-1,-1,-1,-1,-1,-1,-1,-1,-1,-1,-1,-1,-1,-1,-1,-1,-1,-1,-1,-1,78.78518677,-1,-1,-1,-1,-1,79.54252625,-1,-1,-1,-1,47.91757965,59.41825867,-1,70.45159149,-1,-1,-1,-1,-1,-1,-1,-1,-1,82.29995728,45.08251953,-1,-1,60.57225037,-1,-1,-1,-1,42.20365143,-1,-1,-1,-1,-1,-1,-1,-1,-1,-1,-1,-1,-1,-1,-1,-1,-1,-1,-1,-1,-1,-1,-1,-1,-1,-1,-1,-1,-1,-1,-1,-1,-1,-1,-1,-1,-1,-1,-1,-1,-1,-1,36.91609955,-1,-1,-1,-1,-1,-1,-1,-1,-1,-1,-1,-1,-1,-1,-1,-1,-1,-1,-1,-1,-1,-1,-1,-1,-1,63.5120697,-1,-1,-1,-1,-1,78.84776306,-1,41.86400986,-1,36.91609955,-1,-1,-1,-1,-1,-1,-1,-1,69.38352966,-1,-1,-1,-1,-1,-1,-1,-1,-1,67.10687256,-1,-1,-1,-1,-1,-1
-1,-1,-1,-1,-1,-1,-1,45.26824188,-1,-1,-1,-1,-1,-1,-1,-1,-1,-1,-1,-1,-1,-1,-1,-1,-1,-1,-1,-1,-1,-1,-1,-1,-1,-1,-1,-1,-1,-1,-1,-1,-1,-1,-1,-1,-1,-1,-1,-1,-1,-1,-1,-1,-1,-1,-1,-1,-1,-1,-1,-1,-1,65.10826874,50.35351181,67.1467514,-1,-1,-1,-1,-1,-1,-1,-1,-1,-1,-1,-1,-1,-1,-1,-1,-1,-1,-1,-1,-1,-1,-1,-1,-1,-1,-1,-1,-1,-1,-1,-1,-1,-1,-1,-1,-1,-1,64.1568985,60.77230072,-1,-1,-1,-1,-1,-1,-1,-1,-1,-1,-1,-1,-1,-1,-1,-1,-1,-1,-1,-1,-1,-1,-1,-1,79.22371674,-1,-1,-1,-1,-1,79.96498871,-1,-1,-1,-1,48.39772034,60.0887413,-1,71.24762726,-1,-1,-1,-1,-1,-1,-1,-1,-1,-1,45.76530075,-1,-1,61.26729965,-1,-1,-1,-1,42.90200043,-1,-1,-1,-1,-1,-1,-1,-1,-1,-1,-1,-1,-1,-1,-1,-1,-1,-1,-1,-1,-1,-1,-1,-1,-1,-1,-1,-1,98.74273682,-1,-1,-1,-1,-1,-1,-1,-1,-1,-1,-1,-1,38.24343109,37.56235886,-1,-1,-1,-1,-1,-1,-1,-1,-1,-1,-1,-1,-1,-1,-1,-1,-1,-1,-1,-1,-1,-1,-1,-1,-1,64.65174866,-1,-1,-1,-1,-1,79.28697968,-1,42.56853867,-1,37.56235886,-1,-1,-1,-1,-1,-1,-1,-1,70.22801971,-1,-1,-1,-1,-1,-1,-1,-1,-1,67.58017731,-1,-1,-1,-1,-1,-1
-1,-1,18.15768051,-1,-1,-1,-1,45.6868782,-1,-1,-1,-1,-1,-1,-1,-1,22.50855064,-1,16.48273087,-1,-1,-1,-1,-1,-1,-1,-1,-1,-1,-1,-1,-1,-1,-1,-1,-1,-1,-1,-1,-1,-1,-1,-1,-1,-1,-1,-1,-1,-1,-1,-1,-1,-1,-1,-1,-1,-1,-1,-1,-1,-1,66.222229,50.95872116,68.14903259,-1,-1,-1,-1,-1,-1,-1,-1,-1,-1,-1,-1,-1,-1,-1,-1,-1,-1,-1,-1,-1,-1,-1,19.95825005,-1,-1,-1,-1,-1,-1,-1,-1,-1,-1,-1,-1,-1,-1,64.84008026,61.38908005,-1,-1,-1,-1,-1,-1,-1,-1,-1,-1,-1,-1,-1,-1,66.79680634,-1,-1,-1,-1,-1,-1,-1,-1,-1,79.61933899,-1,-1,-1,-1,-1,80.3463974,-1,-1,-1,-1,48.84952164,60.73283005,-1,72.02451324,-1,-1,-1,-1,-1,-1,-1,-1,-1,-1,46.47703171,-1,-1,61.93371964,-1,-1,-1,-1,43.62285995,-1,-1,-1,-1,-1,-1,-1,-1,-1,-1,-1,-1,-1,-1,-1,-1,-1,-1,-1,-1,-1,-1,-1,-1,-1,-1,-1,-1,-1,-1,-1,-1,-1,-1,-1,-1,-1,-1,-1,-1,-1,-1,38.18989944,-1,-1,-1,-1,-1,-1,-1,-1,-1,-1,-1,-1,-1,-1,-1,-1,-1,-1,-1,-1,-1,-1,-1,-1,-1,65.78302002,-1,-1,-1,-1,-1,79.68428802,-1,43.29565811,-1,38.18989944,-1,-1,-1,-1,-1,-1,-1,-1,71.04250336,-1,-1,-1,-1,-1,-1,-1,83.82594299,52.87392044,68.03115845,-1,-1,-1,-1,-1,-1
-1,-1,-1,-1,-1,-1,-1,46.20201874,-1,93.91285706,-1,97.34416199,-1,-1,-1,-1,-1,-1,-1,-1,-1,-1,-1,-1,-1,-1,-1,-1,-1,74.58673096,-1,-1,-1,-1,-1,-1,-1,-1,-1,-1,-1,-1,-1,-1,-1,-1,47.91923141,-1,-1,-1,-1,-1,-1,-1,-1,-1,-1,-1,-1,-1,-1,66.79412842,51.04605865,68.64389038,-1,-1,-1,-1,-1,-1,-1,-1,-1,-1,-1,-1,-1,-1,-1,-1,-1,-1,-1,-1,-1,-1,-1,-1,-1,-1,-1,-1,-1,96.42064667,-1,-1,-1,-1,-1,-1,-1,98.85829163,65.28687286,61.80981064,-1,47.40528107,67.31266785,-1,-1,-1,-1,-1,-1,-1,-1,-1,-1,-1,-1,-1,-1,-1,-1,-1,-1,-1,-1,67.51766205,79.9890213,-1,-1,-1,-1,-1,80.69809723,-1,-1,-1,-1,49.31190872,61.17636108,-1,72.83371735,-1,-1,-1,-1,-1,-1,-1,-1,-1,-1,47.24604034,82.98924255,-1,62.38053131,-1,-1,-1,-1,44.42913055,-1,-1,-1,26.99770927,-1,-1,-1,69.5163269,-1,-1,-1,-1,-1,-1,-1,-1,-1,-1,-1,-1,-1,-1,-1,88.0717392,-1,83.31723022,91.92141724,-1,-1,-1,86.74606323,-1,-1,-1,-1,-1,-1,-1,-1,-1,-1,-1,38.80672073,-1,-1,-1,82.90605164,-1,-1,-1,-1,-1,-1,-1,-1,-1,-1,-1,-1,-1,-1,-1,-1,-1,-1,-1,-1,-1,66.36386108,-1,-1,87.98175812,-1,-1,80.05603027,-1,44.10850906,-1,38.80672073,-1,94.97032166,-1,65.69434357,-1,-1,-1,-1,71.47511292,-1,-1,-1,-1,-1,-1,-1,-1,-1,68.31707001,-1,-1,-1,76.20049286,-1,-1
-1,-1,-1,-1,-1,-1,-1,46.76898956,-1,-1,-1,-1,-1,-1,-1,-1,-1,-1,-1,-1,29.22723007,-1,69.75350952,-1,-1,-1,-1,-1,-1,-1,-1,77.73549652,-1,-1,-1,-1,-1,-1,-1,-1,-1,-1,-1,-1,-1,-1,-1,-1,-1,-1,97.84664917,-1,-1,-1,-1,-1,-1,-1,-1,73.06456757,-1,68.48506927,51.82677841,70.21549225,-1,-1,-1,-1,-1,-1,92.80976868,-1,-1,-1,-1,-1,-1,-1,-1,-1,-1,-1,-1,-1,-1,-1,-1,-1,-1,90.51232147,-1,-1,-1,-1,-1,-1,-1,-1,-1,-1,-1,-1,66.09146118,62.52769852,44.31555939,47.50617981,-1,41.9629097,-1,40.76359177,-1,-1,-1,-1,-1,-1,96.46054077,-1,-1,-1,-1,-1,-1,-1,-1,-1,-1,-1,80.37258911,-1,-1,-1,-1,-1,81.07151031,40.17879868,-1,-1,86.77792358,49.39471817,61.92417908,-1,73.60997009,-1,-1,-1,90.37818146,-1,-1,-1,-1,-1,-1,47.99848938,-1,-1,63.1416893,-1,-1,-1,-1,45.20996094,89.63529968,-1,-1,-1,-1,-1,-1,-1,-1,-1,-1,-1,-1,-1,-1,-1,20.57366943,-1,-1,-1,-1,-1,25.72518921,-1,81.91845703,-1,-1,-1,-1,-1,-1,-1,79.43560791,-1,-1,-1,-1,-1,-1,-1,-1,-1,38.80397034,-1,-1,-1,-1,-1,-1,-1,-1,-1,-1,-1,-1,-1,-1,57.32426071,-1,-1,-1,-1,-1,-1,-1,55.65449905,-1,-1,68.07572937,-1,-1,-1,-1,-1,80.44167328,-1,44.89508057,-1,38.80397034,-1,-1,-1,-1,-1,-1,-1,-1,72.68360138,-1,-1,-1,-1,84.73220062,-1,-1,-1,-1,68.87568665,-1,-1,-1,-1,-1,-1
-1,-1,-1,-1,-1,-1,-1,47.41513062,-1,-1,-1,-1,-1,-1,-1,-1,-1,-1,-1,-1,-1,-1,-1,-1,-1,-1,-1,-1,-1,-1,-1,-1,-1,-1,-1,-1,98.00388336,-1,-1,91.12840271,65.50508881,-1,-1,-1,-1,-1,-1,-1,-1,-1,-1,-1,-1,-1,-1,-1,-1,-1,-1,-1,-1,69.34573364,52.79489899,70.95320892,-1,-1,83.5526886,-1,-1,-1,-1,-1,-1,-1,-1,-1,-1,-1,-1,-1,-1,-1,-1,-1,-1,-1,-1,-1,-1,-1,-1,-1,-1,-1,-1,-1,-1,-1,-1,-1,34.73469162,-1,66.84081268,63.21895981,44.70981979,47.93532181,-1,42.34782028,-1,-1,-1,-1,-1,-1,-1,-1,-1,-1,-1,-1,-1,-1,-1,-1,-1,-1,-1,-1,80.7543335,-1,-1,-1,-1,-1,81.43309784,40.55741882,-1,-1,-1,50.24673843,62.64305115,-1,74.18579102,-1,-1,-1,-1,-1,30.25779915,-1,-1,-1,-1,48.79439163,-1,-1,63.87482071,-1,-1,-1,-1,45.96849823,-1,-1,-1,-1,-1,-1,-1,-1,-1,-1,-1,-1,-1,-1,-1,-1,-1,-1,-1,-1,-1,-1,-1,-1,-1,-1,-1,-1,-1,-1,-1,-1,-1,78.45861053,-1,-1,-1,-1,-1,-1,-1,-1,40.03179169,-1,-1,-1,-1,-1,-1,-1,-1,-1,-1,-1,-1,-1,-1,-1,-1,-1,-1,-1,-1,-1,-1,-1,-1,-1,68.94728088,-1,-1,-1,-1,-1,80.81787872,-1,45.65869141,-1,40.03179169,-1,-1,-1,-1,-1,-1,-1,-1,73.31934357,-1,-1,-1,-1,-1,-1,-1,-1,-1,69.38105011,-1,-1,-1,-1,-1,77.79416656
-1,-1,-1,-1,-1,-1,-1,47.62678146,-1,-1,-1,-1,-1,-1,-1,-1,-1,-1,-1,-1,-1,-1,-1,-1,-1,-1,-1,-1,-1,-1,-1,-1,-1,-1,-1,-1,98.02351379,-1,-1,-1,-1,-1,-1,-1,-1,-1,-1,-1,-1,-1,-1,-1,-1,-1,-1,-1,-1,-1,-1,-1,-1,70.65393066,53.41555023,72.12058258,93.99758148,-1,-1,-1,-1,-1,-1,-1,-1,-1,52.84653091,-1,-1,-1,-1,-1,-1,-1,-1,-1,-1,-1,-1,-1,-1,-1,-1,-1,-1,-1,-1,-1,-1,-1,-1,-1,-1,-1,67.646492,63.94839096,45.06555939,48.23159027,-1,42.7427597,-1,-1,-1,-1,-1,-1,-1,91.75141144,-1,-1,-1,-1,-1,-1,-1,-1,-1,-1,-1,-1,81.15258789,-1,-1,-1,-1,-1,81.81723785,40.95410919,-1,-1,-1,50.67758179,63.39836121,-1,75.14633942,-1,-1,-1,-1,-1,-1,-1,-1,-1,-1,49.52978134,-1,-1,64.64515686,-1,-1,-1,78.57041168,46.74425888,-1,-1,-1,-1,-1,-1,-1,-1,-1,-1,-1,-1,-1,-1,-1,-1,-1,-1,-1,-1,-1,71.82288361,-1,-1,-1,-1,-1,-1,-1,-1,-1,-1,-1,-1,-1,-1,-1,-1,-1,-1,-1,-1,40.67823029,-1,-1,-1,-1,-1,-1,-1,-1,-1,-1,-1,-1,-1,-1,-1,-1,-1,-1,-1,-1,-1,-1,-1,-1,-1,70.27233887,94.59324646,-1,-1,-1,-1,81.21904755,-1,46.43944931,-1,40.67823029,-1,-1,-1,-1,-1,-1,-1,-1,74.31526947,-1,-1,-1,-1,-1,-1,-1,-1,-1,69.92421722,-1,-1,-1,-1,-1,-1
-1,-1,-1,-1,-1,-1,-1,48.47256851,-1,-1,-1,-1,-1,-1,-1,-1,-1,-1,-1,-1,-1,-1,-1,-1,-1,-1,-1,-1,-1,-1,99.59999847,-1,-1,-1,-1,-1,98.05581665,-1,-1,-1,-1,-1,-1,-1,59.61912155,-1,-1,-1,92.62904358,-1,-1,-1,-1,-1,-1,-1,-1,-1,-1,-1,-1,71.70455933,54.21192169,73.06336212,94.70398712,-1,-1,-1,-1,-1,-1,-1,-1,-1,53.29100037,-1,-1,-1,-1,-1,-1,-1,-1,-1,-1,-1,-1,-1,-1,-1,98.59999847,-1,-1,-1,-1,-1,-1,-1,-1,-1,-1,-1,68.42707062,64.66091919,45.46097946,48.52011871,-1,43.20236969,-1,-1,-1,-1,-1,-1,-1,-1,-1,-1,-1,-1,-1,-1,-1,-1,-1,-1,-1,-1,81.53044891,-1,-1,32.10676956,60.16439056,-1,82.17987823,41.40478134,-1,-1,-1,51.20410156,64.13645172,-1,75.90187836,-1,-1,-1,-1,-1,-1,-1,-1,-1,-1,50.4935112,-1,-1,65.39988708,-1,-1,-1,-1,47.75870132,-1,-1,-1,-1,-1,-1,-1,-1,-1,-1,-1,-1,-1,-1,-1,-1,-1,-1,-1,-1,-1,72.00213623,-1,-1,-1,-1,-1,-1,-1,-1,-1,-1,-1,-1,-1,-1,-1,-1,-1,-1,-1,-1,41.32398987,-1,-1,-1,-1,-1,-1,-1,-1,-1,-1,-1,-1,-1,-1,-1,-1,-1,-1,-1,-1,-1,-1,-1,-1,-1,71.33608246,95.18827057,-1,-1,-1,-1,81.59683228,-1,47.46099091,-1,41.32398987,-1,-1,48.19070053,-1,-1,-1,-1,-1,75.22197723,-1,-1,-1,-1,-1,-1,-1,-1,58.20000076,70.45529175,-1,-1,-1,-1,-1,-1
-1,-1,-1,-1,-1,-1,-1,49.32794189,71.23529816,-1,-1,-1,-1,-1,-1,-1,-1,-1,-1,-1,-1,-1,-1,-1,-1,-1,-1,-1,-1,-1,-1,-1,-1,-1,-1,-1,98.08393097,-1,-1,-1,-1,-1,-1,-1,-1,-1,-1,-1,-1,-1,-1,-1,-1,-1,-1,-1,-1,-1,-1,-1,-1,72.70993042,54.86669922,73.96933746,94.91088104,-1,-1,-1,-1,-1,-1,-1,-1,-1,53.75728989,-1,-1,-1,-1,-1,-1,-1,-1,-1,-1,-1,-1,-1,-1,-1,-1,-1,-1,-1,-1,-1,-1,-1,-1,-1,-1,-1,69.12802124,65.30536652,45.86486816,48.82585907,-1,43.66339874,-1,-1,-1,-1,-1,-1,-1,-1,-1,-1,-1,-1,-1,-1,-1,-1,-1,-1,-1,74.49086761,81.89761353,-1,-1,-1,-1,-1,82.5324173,41.85546875,-1,-1,-1,51.73760986,64.80542755,-1,76.64246368,-1,-1,-1,-1,-1,-1,-1,-1,-1,92.23004913,51.47774124,-1,-1,66.08239746,-1,-1,86.92984009,-1,48.82197189,-1,-1,-1,-1,-1,-1,-1,-1,-1,-1,-1,-1,-1,-1,-1,-1,-1,-1,-1,-1,-1,72.17070007,-1,-1,-1,-1,-1,-1,-1,-1,-1,-1,-1,-1,-1,-1,-1,-1,-1,-1,-1,-1,41.97127151,-1,-1,-1,-1,-1,-1,-1,-1,-1,-1,48.96166992,-1,49.05025101,-1,-1,-1,-1,-1,-1,-1,-1,-1,-1,-1,-1,72.35346985,95.36482239,-1,-1,-1,-1,81.96221924,-1,48.53203964,-1,41.97127151,49.05025101,-1,-1,75.96823883,-1,-1,-1,-1,76.00666809,95.37998199,-1,-1,-1,-1,-1,-1,-1,-1,70.93419647,-1,-1,-1,-1,-1,-1
-1,-1,-1,-1,-1,-1,-1,50.30286026,-1,-1,-1,-1,-1,-1,-1,-1,-1,-1,-1,-1,-1,-1,-1,-1,-1,-1,-1,-1,-1,-1,-1,-1,-1,-1,-1,-1,98.1059494,-1,-1,-1,-1,-1,-1,-1,-1,-1,-1,-1,-1,-1,-1,-1,-1,-1,-1,-1,-1,-1,-1,-1,-1,73.60050201,55.49726868,74.76786804,94.96160889,-1,-1,44.42398834,-1,-1,-1,-1,-1,-1,54.13972855,-1,-1,-1,-1,-1,-1,-1,-1,-1,-1,-1,-1,-1,-1,-1,-1,-1,-1,-1,-1,-1,-1,-1,42.91466904,-1,-1,-1,69.77542877,65.89926147,46.23313141,49.14402008,-1,44.06462097,-1,-1,-1,-1,52.31975937,-1,-1,-1,-1,-1,-1,-1,-1,-1,-1,-1,-1,-1,-1,-1,82.25782013,-1,-1,-1,-1,-1,82.87915802,42.2387886,-1,-1,-1,52.21242905,65.41906738,-1,77.30374908,-1,-1,-1,-1,-1,-1,-1,-1,-1,-1,52.55736923,-1,-1,66.71289063,-1,-1,-1,-1,49.99570084,-1,-1,-1,-1,-1,-1,-1,-1,-1,-1,-1,-1,-1,-1,-1,-1,-1,-1,-1,-1,-1,72.40117645,-1,-1,-1,-1,-1,-1,-1,48.09107971,-1,-1,-1,-1,-1,-1,-1,-1,75.63504028,-1,-1,-1,42.61491013,-1,-1,-1,-1,-1,-1,-1,-1,-1,-1,49.31903076,-1,49.40729904,76.87106323,-1,-1,-1,-1,-1,67.23937988,-1,-1,-1,-1,-1,73.25656891,95.41020966,-1,-1,-1,-1,82.32211304,-1,49.71377182,-1,42.61491013,49.40729904,-1,-1,-1,-1,-1,-1,-1,76.74442291,-1,-1,-1,-1,-1,-1,-1,-1,-1,71.37555695,-1,-1,-1,-1,-1,-1
-1,-1,-1,-1,-1,-1,-1,50.8902092,-1,-1,-1,-1,-1,-1,-1,-1,-1,-1,-1,-1,-1,-1,-1,-1,-1,-1,-1,-1,-1,-1,-1,-1,-1,-1,-1,-1,98.13894653,-1,-1,-1,-1,-1,-1,-1,-1,-1,-1,-1,-1,-1,-1,-1,-1,-1,-1,-1,-1,-1,-1,-1,49.63087845,74.84361267,56.38531876,75.94204712,95.09812164,-1,-1,-1,-1,-1,-1,-1,-1,-1,54.8757782,-1,-1,-1,-1,-1,-1,-1,-1,-1,-1,-1,-1,-1,-1,-1,-1,-1,-1,-1,-1,-1,-1,-1,43.5439682,-1,-1,-1,70.57668304,66.64675903,46.77339172,49.81414032,-1,44.55078125,-1,-1,-1,-1,-1,-1,-1,-1,-1,-1,-1,-1,-1,-1,-1,-1,-1,-1,-1,-1,82.56391907,-1,-1,-1,-1,-1,83.16143036,42.71572876,-1,-1,-1,52.9895401,66.19138336,-1,78.00672913,-1,-1,-1,-1,-1,-1,-1,-1,-1,-1,53.33327103,-1,-1,67.50273895,-1,-1,-1,-1,50.82788086,-1,-1,-1,-1,-1,-1,48.53665161,-1,-1,-1,-1,-1,-1,-1,-1,-1,-1,-1,-1,-1,-1,72.77642059,-1,-1,-1,-1,-1,-1,-1,48.85694885,-1,-1,-1,-1,-1,-1,-1,-1,-1,-1,-1,-1,43.26182938,-1,-1,-1,-1,-1,-1,-1,-1,-1,-1,49.97158051,-1,50.05838013,77.09758759,-1,-1,-1,-1,-1,-1,-1,84.22921753,-1,-1,-1,74.51508331,95.52937317,-1,-1,-1,-1,82.60962677,-1,50.5515213,-1,43.26182938,50.05838013,-1,-1,-1,-1,-1,-1,-1,77.5530777,-1,-1,-1,-1,-1,-1,-1,-1,-1,71.96198273,-1,-1,-1,-1,-1,-1
-1,-1,-1,-1,-1,-1,-1,51.87934113,-1,-1,-1,-1,-1,-1,-1,-1,-1,-1,-1,-1,-1,-1,-1,-1,-1,-1,-1,-1,-1,-1,-1,-1,-1,-1,33.62442017,-1,98.03511047,-1,-1,-1,-1,34.13927841,-1,-1,-1,-1,-1,-1,-1,-1,-1,-1,-1,-1,-1,-1,-1,-1,-1,-1,-1,79.20539093,57.12329102,79.85410309,95.23738098,-1,-1,-1,-1,-1,-1,-1,-1,-1,55.59062958,-1,-1,-1,-1,-1,-1,-1,-1,-1,-1,-1,-1,-1,-1,-1,-1,-1,-1,-1,-1,-1,-1,-1,43.91913986,-1,-1,-1,72.8797226,68.69184875,47.58372879,50.50037003,-1,45.44023132,-1,-1,-1,-1,-1,-1,-1,-1,-1,-1,-1,-1,-1,-1,-1,-1,-1,-1,-1,-1,83.07002258,-1,-1,-1,-1,-1,83.64324188,43.61362076,45.92449951,-1,-1,53.61399841,68.28392792,-1,81.60838318,-1,-1,-1,-1,-1,-1,-1,-1,-1,-1,54.45447159,-1,-1,69.70355988,-1,-1,-1,-1,51.95006943,-1,-1,-1,-1,-1,-1,-1,-1,-1,-1,-1,-1,-1,-1,-1,-1,-1,-1,-1,-1,-1,73.27100372,-1,-1,-1,-1,-1,-1,98.74273682,49.43375015,-1,-1,-1,-1,-1,-1,-1,-1,-1,-1,-1,-1,43.99892044,-1,-1,26.86885071,-1,-1,-1,-1,-1,-1,-1,50.47425842,-1,50.55997086,77.40608978,-1,-1,-1,-1,-1,-1,-1,-1,-1,-1,-1,78.93251801,95.61264038,-1,-1,-1,-1,83.10915375,-1,51.68175125,-1,43.99892044,50.55997086,-1,-1,-1,-1,59.11380005,-1,-1,80.87029266,-1,-1,-1,-1,-1,-1,-1,-1,-1,73.66123199,-1,-1,-1,-1,-1,-1
-1,-1,-1,-1,-1,-1,-1,52.78355026,-1,-1,98.75196075,-1,-1,-1,-1,-1,-1,-1,-1,-1,-1,-1,-1,-1,-1,97.88336945,-1,-1,-1,-1,-1,-1,-1,-1,-1,-1,98.09120178,-1,-1,-1,-1,-1,-1,-1,-1,-1,-1,-1,-1,-1,-1,-1,-1,-1,-1,-1,-1,-1,-1,-1,-1,79.90527344,57.80435181,80.50235748,95.31289673,-1,-1,-1,-1,-1,-1,99.72644043,-1,-1,56.08670044,-1,-1,-1,-1,-1,-1,-1,-1,-1,-1,-1,-1,-1,-1,-1,-1,-1,-1,-1,-1,-1,-1,-1,44.55718994,-1,-1,-1,73.46336365,69.25138855,48.14859009,51.05368042,-1,46.02561951,-1,-1,-1,-1,-1,-1,-1,-1,-1,-1,-1,-1,97.5293808,-1,-1,-1,-1,-1,-1,-1,83.49098969,-1,-1,-1,-1,-1,84.07833862,44.22512054,46.36322021,-1,-1,54.27658081,68.85691833,-1,82.15328217,98.44126892,-1,99.45230103,-1,-1,-1,-1,96.37754822,-1,-1,55.50616074,-1,-1,70.29107666,-1,-1,-1,-1,53.00482941,-1,-1,-1,-1,-1,-1,-1,-1,-1,-1,93.08062744,-1,-1,-1,-1,-1,-1,-1,-1,-1,-1,73.7546463,-1,-1,-1,-1,-1,-1,-1,50.19910812,-1,-1,-1,-1,-1,-1,-1,-1,-1,-1,97.98605347,-1,44.74946976,-1,-1,-1,-1,-1,-1,-1,-1,-1,-1,51.0901413,-1,51.17430115,77.71183777,-1,-1,-1,-1,-1,-1,-1,-1,-1,-1,-1,79.64087677,95.6876297,-1,-1,97.69402313,-1,83.56105042,-1,52.74369812,-1,44.74946976,51.17430115,-1,-1,-1,-1,-1,-1,-1,81.44326782,-1,-1,-1,-1,-1,-1,-1,87.59645081,-1,74.09586334,-1,-1,-1,-1,-1,-1
-1,-1,-1,-1,-1,-1,-1,53.75408936,-1,-1,-1,-1,-1,-1,-1,-1,37.38471985,-1,-1,-1,-1,-1,-1,-1,-1,-1,-1,-1,-1,-1,-1,-1,-1,-1,-1,-1,98.15035248,-1,-1,-1,77.78505707,-1,-1,-1,-1,-1,-1,62.79685974,-1,-1,-1,-1,-1,-1,-1,-1,-1,-1,-1,-1,-1,79.78748322,58.65625,80.41243744,95.51210785,-1,88.29875946,-1,-1,-1,-1,-1,-1,-1,56.67657852,-1,-1,-1,-1,-1,-1,-1,-1,-1,-1,-1,-1,-1,-1,-1,-1,-1,-1,99.36914825,-1,-1,-1,-1,45.12295914,-1,-1,-1,73.73148346,69.54599762,48.73212051,51.75574875,81.51985168,46.56568146,-1,-1,-1,-1,-1,-1,-1,-1,-1,-1,-1,-1,-1,-1,-1,-1,-1,-1,-1,-1,83.84307098,-1,-1,-1,-1,-1,84.4156723,44.77009964,46.81978989,-1,-1,54.89859009,69.16249847,-1,82.02095795,-1,-1,-1,-1,-1,-1,-1,-1,-1,96.01825714,57.9372406,87.55615234,-1,70.59494781,-1,-1,-1,-1,55.63357162,-1,-1,-1,-1,-1,79.86865997,-1,-1,-1,-1,-1,-1,-1,-1,-1,-1,-1,-1,-1,-1,-1,74.08085632,-1,88.77986145,-1,93.57389832,-1,-1,-1,50.84357071,89.62249756,-1,-1,-1,-1,86.96678162,-1,-1,-1,-1,-1,-1,45.47370911,-1,-1,-1,89.09600067,-1,-1,-1,-1,-1,-1,51.76823044,-1,51.84978867,77.93048096,-1,-1,-1,-1,-1,-1,-1,-1,-1,-1,-1,79.52182007,95.86660004,-1,-1,-1,-1,83.912323,-1,55.39273834,-1,45.47370911,51.84978867,96.93855286,-1,79.23245239,-1,-1,-1,-1,81.57375336,-1,-1,-1,-1,89.82524872,-1,-1,-1,-1,74.31614685,-1,-1,-1,-1,64.99828339,-1
-1,-1,-1,-1,-1,-1,-1,54.85839081,-1,96.04071808,-1,-1,-1,-1,-1,-1,-1,-1,-1,13.56923008,35.31930161,-1,84.01383209,-1,89.063591,-1,70.29842377,-1,-1,-1,-1,87.80417633,-1,68.58090973,-1,-1,98.19670868,-1,-1,-1,-1,-1,-1,-1,-1,-1,-1,-1,-1,-1,-1,-1,-1,-1,-1,-1,-1,-1,-1,-1,-1,81.1292572,59.1379509,81.63424683,95.54319,-1,-1,-1,-1,-1,96.49497223,-1,-1,-1,57.37300873,-1,-1,-1,-1,-1,-1,-1,-1,-1,-1,-1,-1,-1,-1,92.61045074,-1,-1,-1,-1,-1,-1,-1,-1,45.38172913,96.70155334,-1,-1,74.53141022,70.24902344,49.13648987,52.64719009,-1,46.74369049,-1,48.22206879,-1,-1,65.53140259,-1,-1,-1,-1,-1,-1,-1,-1,-1,-1,-1,-1,-1,-1,-1,84.43630219,-1,-1,-1,-1,-1,84.97976685,44.91880035,46.98854065,-1,-1,55.36270905,69.88131714,-1,83.15498352,-1,-1,-1,-1,-1,-1,-1,-1,-1,-1,59.19150162,-1,-1,71.36144257,-1,-1,-1,-1,56.9440918,93.46273804,-1,-1,-1,-1,-1,-1,82.91536713,-1,75.81658173,-1,-1,55.44675064,-1,-1,-1,32.97558975,-1,-1,-1,-1,74.5175705,-1,-1,-1,-1,-1,-1,-1,51.36339188,-1,-1,87.94785309,-1,-1,86.99815369,-1,-1,-1,-1,-1,57.85348892,45.8564415,-1,-1,-1,-1,-1,-1,-1,-1,-1,-1,52.16839981,-1,52.25027847,78.21692657,73.24241638,-1,-1,99.52452087,-1,-1,-1,-1,-1,-1,-1,80.87999725,95.90319061,-1,-1,-1,-1,84.50154877,-1,56.71228027,-1,45.8564415,52.25027847,-1,-1,-1,-1,-1,56.10737991,-1,82.63585663,-1,-1,-1,-1,-1,-1,-1,-1,-1,74.87671661,97.94432831,-1,-1,-1,-1,-1
-1,-1,-1,-1,-1,-1,-1,55.79608917,-1,-1,-1,-1,-1,-1,-1,-1,-1,-1,27.24517059,-1,-1,-1,-1,-1,-1,-1,-1,-1,79.99176788,-1,-1,-1,-1,-1,-1,-1,98.24694824,-1,-1,94.2911377,-1,-1,-1,-1,-1,-1,-1,-1,-1,-1,-1,-1,-1,94.36247253,-1,-1,-1,-1,-1,-1,-1,81.69489288,60.16296005,82.16195679,95.66255188,-1,-1,-1,-1,-1,-1,-1,-1,-1,57.82300186,-1,-1,-1,-1,-1,-1,-1,-1,-1,-1,-1,-1,-1,-1,-1,-1,-1,-1,-1,-1,-1,-1,-1,45.68183899,-1,-1,-1,75.1490097,70.87866211,50.01224136,54.28536987,-1,47.26182938,-1,-1,-1,-1,-1,-1,-1,-1,-1,-1,-1,-1,-1,-1,-1,-1,-1,-1,-1,-1,85.09030151,-1,-1,-1,-1,-1,85.59983063,45.44451904,47.13159943,-1,-1,56.3573494,70.52454376,-1,83.64505768,-1,-1,-1,-1,-1,-1,-1,-1,-1,-1,60.19419861,-1,-1,72.05007172,-1,-1,-1,-1,58.01356125,-1,-1,-1,-1,-1,-1,-1,-1,-1,-1,-1,-1,-1,-1,-1,-1,-1,-1,-1,-1,-1,74.98155212,-1,-1,-1,-1,-1,-1,-1,51.70389938,-1,-1,-1,90.27182007,-1,87.2303009,-1,-1,-1,96.7099762,-1,-1,47.14770889,70.82164764,-1,-1,-1,-1,-1,74.14315796,-1,-1,-1,52.6414299,-1,52.72233963,78.54537964,-1,-1,-1,-1,-1,-1,-1,-1,-1,-1,-1,81.45362091,96.01412201,-1,-1,-1,-1,85.14871216,-1,57.78863907,-1,47.14770889,52.72233963,-1,-1,-1,-1,-1,-1,-1,83.18015289,-1,-1,-1,-1,-1,-1,-1,-1,-1,75.32282257,-1,-1,-1,-1,-1,83.51258087
-1,-1,-1,-1,-1,-1,-1,56.51779938,-1,-1,-1,-1,-1,-1,-1,-1,-1,-1,-1,-1,-1,-1,-1,-1,-1,-1,-1,-1,-1,-1,-1,-1,-1,-1,-1,-1,98.28845978,-1,-1,-1,-1,-1,-1,-1,-1,91.06308746,-1,-1,-1,86.24558258,-1,-1,-1,-1,-1,-1,-1,-1,-1,-1,-1,82.21533966,60.94897842,82.64431,95.78305817,-1,-1,-1,-1,-1,-1,-1,-1,-1,58.28945923,-1,-1,-1,-1,-1,72.2336731,-1,-1,-1,-1,-1,-1,-1,-1,-1,-1,-1,-1,-1,-1,-1,-1,-1,46.06182861,-1,-1,-1,75.66652679,71.41886902,50.8563385,55.99806976,-1,47.69535828,-1,-1,-1,-1,-1,-1,-1,-1,-1,-1,-1,-1,-1,-1,-1,-1,-1,-1,-1,-1,85.75559998,-1,-1,-1,-1,-1,86.23312378,45.87723923,47.34320068,-1,-1,57.12197113,71.07628632,-1,84.12547302,-1,-1,-1,-1,-1,-1,-1,-1,-1,-1,61.06261063,-1,-1,72.63796997,-1,-1,-1,-1,58.93799973,-1,-1,-1,-1,-1,-1,-1,-1,-1,-1,-1,-1,-1,-1,-1,-1,-1,-1,-1,-1,-1,75.56522369,-1,-1,87.15062714,-1,-1,-1,-1,52.27743149,-1,-1,-1,-1,-1,87.46949005,-1,-1,-1,-1,-1,-1,48.12348938,-1,-1,-1,-1,-1,-1,-1,-1,-1,-1,53.23067093,-1,53.31019974,78.96099854,-1,-1,-1,-1,-1,-1,-1,-1,-1,-1,10.89465046,81.98232269,96.12406158,-1,-1,-1,-1,85.80966949,-1,58.71173859,-1,48.12348938,53.31019974,-1,-1,-1,-1,-1,-1,-1,83.71356964,-1,-1,-1,-1,-1,-1,-1,-1,-1,75.75018311,-1,-1,-1,-1,-1,-1
-1,-1,-1,-1,-1,-1,-1,57.35206985,-1,-1,-1,-1,-1,-1,-1,-1,-1,-1,-1,-1,-1,-1,-1,-1,-1,-1,-1,-1,-1,-1,99.59999847,-1,-1,-1,-1,-1,98.334198,-1,-1,-1,-1,-1,-1,-1,-1,-1,-1,-1,-1,86.29176331,-1,-1,-1,-1,-1,-1,-1,-1,-1,-1,-1,82.81069946,61.74475098,83.21573639,95.90112305,95.67233276,-1,-1,-1,-1,-1,-1,27.01135063,-1,59.22069168,-1,-1,-1,-1,-1,-1,-1,-1,-1,-1,-1,-1,-1,-1,-1,98.59999847,-1,64.2116394,-1,-1,-1,-1,-1,46.66928864,-1,-1,-1,76.17648315,71.9450531,51.67063141,56.79523087,-1,48.54450989,-1,-1,-1,-1,-1,-1,-1,-1,-1,-1,-1,-1,-1,-1,-1,-1,-1,-1,-1,-1,86.34810638,-1,-1,-1,76.5,-1,86.79704285,46.76338959,47.79439163,-1,-1,57.87044144,71.61344147,-1,84.57951355,-1,-1,-1,-1,-1,41.59410858,-1,-1,-1,-1,62.03443146,-1,-1,73.19616699,94.05874634,-1,-1,-1,59.95621872,-1,-1,-1,-1,-1,-1,-1,-1,-1,-1,-1,-1,-1,-1,-1,-1,-1,-1,-1,-1,-1,75.76487732,-1,-1,-1,93.91596985,-1,-1,-1,52.86940002,-1,-1,-1,-1,-1,87.71157837,-1,-1,-1,-1,-1,-1,48.89509964,-1,-1,-1,-1,-1,-1,-1,-1,-1,-1,53.97893143,-1,54.05651093,79.11282349,-1,-1,-1,-1,-1,-1,-1,87.8111496,-1,-1,-1,82.58657837,96.23310089,-1,-1,-1,-1,86.3983078,-1,59.72954941,-1,48.89509964,54.05651093,-1,-1,-1,-1,-1,-1,-1,84.22170258,-1,-1,-1,-1,-1,-1,-1,-1,68.69999695,76.17237091,-1,-1,37.09000015,-1,-1,-1
-1,-1,-1,-1,-1,-1,-1,58.33942032,-1,-1,-1,-1,-1,-1,-1,-1,-1,-1,-1,-1,-1,-1,-1,-1,-1,-1,-1,-1,-1,-1,-1,-1,-1,-1,-1,-1,98.37982178,-1,-1,-1,-1,-1,-1,-1,-1,-1,-1,-1,-1,86.55709839,-1,-1,-1,-1,-1,-1,-1,-1,-1,-1,-1,83.39981079,62.53831863,83.77915192,96.02188873,95.81139374,-1,-1,-1,-1,-1,-1,-1,-1,60.09626007,-1,-1,-1,-1,-1,-1,-1,-1,-1,-1,-1,-1,-1,-1,-1,-1,-1,-1,-1,-1,-1,-1,-1,46.65383148,-1,-1,-1,76.71550751,72.45143127,52.2485199,57.57638168,-1,49.04251862,-1,-1,-1,-1,-1,-1,-1,-1,-1,-1,-1,-1,-1,-1,-1,-1,-1,-1,-1,78.39550018,86.98130798,60.25133133,-1,-1,-1,-1,87.3991394,47.48345184,47.98397827,-1,-1,58.57550812,72.13053131,-1,85.05000305,-1,-1,-1,-1,-1,-1,-1,-1,-1,96.32649994,63.54452133,-1,-1,73.75205231,-1,-1,87.86869812,-1,61.58005142,-1,-1,-1,-1,-1,-1,-1,-1,-1,-1,-1,-1,-1,-1,-1,-1,-1,-1,-1,-1,-1,76.17323303,-1,-1,-1,-1,-1,-1,-1,53.2431488,-1,-1,-1,-1,-1,87.95082855,-1,-1,-1,-1,-1,-1,49.6832695,-1,-1,-1,-1,-1,-1,-1,-1,-1,-1,54.27444077,-1,54.3514595,79.46135712,-1,-1,-1,-1,-1,-1,-1,-1,-1,-1,-1,83.18373871,96.34433746,-1,-1,-1,98.77832031,87.02622223,-1,61.3585701,-1,49.6832695,54.3514595,-1,-1,-1,-1,-1,-1,-1,84.77519989,-1,-1,-1,-1,-1,-1,-1,-1,-1,76.58119202,-1,-1,-1,-1,-1,-1
-1,-1,-1,-1,-1,-1,-1,59.80857086,-1,-1,-1,-1,-1,-1,-1,-1,-1,-1,-1,12.84817028,-1,-1,-1,-1,-1,-1,-1,-1,-1,-1,-1,-1,-1,-1,-1,-1,98.41950989,-1,-1,-1,-1,-1,-1,-1,-1,91.20716095,-1,-1,-1,86.80339813,-1,-1,-1,-1,-1,-1,-1,-1,-1,-1,-1,83.91929626,63.27360153,84.27192688,96.2056427,95.97293854,-1,55.5870018,-1,-1,-1,-1,-1,-1,60.72531128,-1,-1,-1,-1,-1,-1,-1,-1,-1,-1,20.55374908,-1,-1,-1,-1,-1,-1,-1,-1,-1,-1,-1,-1,47.14896011,-1,-1,-1,77.24143219,72.9733429,52.89532089,58.44828033,-1,49.59032822,-1,-1,-1,-1,73.06024933,-1,-1,-1,-1,-1,-1,-1,-1,-1,-1,-1,-1,-1,-1,-1,87.32528687,-1,-1,-1,-1,-1,87.72866058,48.01525879,48.35829163,-1,-1,59.32601166,72.66348267,-1,85.47952271,-1,-1,-1,-1,-1,-1,-1,-1,-1,-1,64.88459778,-1,-1,74.30339813,-1,-1,-1,-1,62.98683167,-1,-1,-1,-1,-1,-1,-1,-1,-1,-1,96.13791656,-1,-1,-1,-1,-1,-1,-1,-1,-1,-1,76.79699707,-1,-1,-1,-1,-1,-1,-1,53.93572998,-1,-1,-1,-1,-1,88.12049866,-1,-1,-1,-1,-1,-1,50.48078918,-1,-1,-1,-1,-1,-1,-1,-1,-1,-1,54.95352173,-1,55.02878189,79.95168304,-1,-1,-1,-1,-1,-1,-1,-1,-1,-1,-1,83.71183777,96.50650024,-1,-1,-1,-1,87.36940002,-1,62.76903152,98.90537262,50.48078918,55.02878189,-1,-1,-1,-1,-1,-1,-1,85.24133301,96.78180695,-1,-1,-1,-1,-1,-1,-1,-1,76.99568939,-1,-1,-1,82.40209961,-1,-1
-1,-1,-1,-1,-1,-1,-1,60.54454041,-1,-1,-1,-1,-1,-1,-1,-1,-1,-1,-1,-1,-1,-1,-1,-1,-1,-1,-1,-1,-1,-1,-1,-1,-1,-1,-1,-1,98.4586792,-1,-1,-1,-1,-1,-1,-1,-1,-1,-1,-1,-1,87.05030823,-1,-1,-1,-1,-1,-1,-1,-1,-1,-1,-1,89.55478668,63.93400955,89.32095337,96.31778717,96.09912872,-1,-1,-1,-1,-1,-1,-1,-1,61.58539963,-1,-1,-1,-1,-1,-1,-1,-1,-1,-1,-1,-1,-1,-1,-1,-1,-1,-1,-1,-1,-1,-1,-1,47.96723938,-1,-1,-1,80.17040253,75.49215698,53.65391159,59.27878952,-1,50.34223175,-1,-1,-1,-1,-1,-1,-1,-1,-1,-1,-1,-1,-1,-1,-1,-1,-1,-1,-1,-1,87.62180328,-1,-1,-1,-1,-1,88.01811981,48.76615143,49.10208893,-1,-1,59.98846817,75.21842957,-1,90.33847046,-1,-1,-1,-1,-1,-1,-1,-1,-1,-1,65.82185364,-1,-1,76.99299622,-1,-1,-1,-1,63.9375,-1,-1,-1,38.70787811,-1,-1,-1,-1,-1,-1,-1,-1,-1,-1,-1,-1,-1,-1,-1,-1,-1,77.35661316,-1,-1,-1,-1,-1,-1,-1,54.88716125,-1,-1,-1,-1,86.0769577,88.38018799,-1,-1,83.26216125,-1,-1,-1,51.28226852,-1,-1,-1,-1,-1,-1,-1,-1,-1,-1,55.81616974,-1,55.88912964,80.40125275,-1,-1,-1,-1,-1,-1,-1,-1,-1,-1,-1,89.42046356,96.60855103,-1,-1,-1,-1,87.67156982,-1,63.73197937,-1,51.28226852,55.88912964,-1,-1,-1,-1,-1,-1,-1,89.52469635,-1,-1,-1,-1,-1,-1,-1,-1,-1,79.02835083,-1,-1,-1,-1,-1,-1
-1,-1,-1,-1,-1,-1,-1,61.72372055,-1,-1,-1,-1,-1,-1,-1,-1,-1,-1,-1,-1,-1,-1,-1,-1,-1,-1,-1,-1,-1,-1,-1,-1,-1,-1,-1,-1,98.5430069,-1,-1,-1,-1,36.3502388,-1,-1,-1,-1,-1,-1,-1,87.41764069,-1,-1,-1,-1,-1,-1,-1,-1,-1,-1,-1,89.92095947,66.96092224,89.67198944,96.65229034,96.24655151,-1,-1,-1,-1,-1,-1,-1,-1,62.45851135,-1,-1,-1,-1,-1,-1,-1,-1,-1,-1,-1,-1,-1,-1,-1,-1,-1,-1,-1,-1,-1,-1,-1,48.64530182,-1,-1,-1,81.73970795,76.97602081,54.96929169,60.26575089,-1,51.84238815,-1,-1,-1,-1,-1,-1,-1,-1,-1,-1,-1,-1,-1,-1,-1,67.3350296,-1,-1,-1,-1,88.12242889,-1,-1,-1,-1,-1,88.49552155,50.31547928,49.76462936,-1,-1,63.33613968,76.72505188,-1,90.67964935,-1,-1,-1,-1,-1,-1,-1,-1,-1,-1,67.0243988,-1,-1,78.57224274,-1,19.04496956,-1,-1,65.12837982,-1,-1,-1,-1,-1,-1,64.13424683,-1,-1,-1,-1,-1,-1,-1,-1,-1,-1,-1,-1,-1,-1,78.15994263,42.6993103,-1,-1,-1,-1,-1,98.74273682,55.55932999,-1,-1,-1,-1,-1,88.59710693,-1,-1,-1,-1,-1,-1,56.16218185,-1,-1,-1,-1,-1,-1,-1,-1,-1,-1,56.46335983,-1,56.53495026,81.04541779,-1,-1,-1,-1,-1,-1,-1,-1,-1,-1,-1,89.79141998,96.90091705,-1,-1,-1,-1,88.17134094,-1,64.91188049,-1,56.16218185,56.53495026,-1,-1,-1,-1,-1,-1,-1,89.92115784,-1,-1,-1,-1,-1,-1,-1,-1,-1,80.20594788,-1,-1,-1,-1,-1,-1
-1,-1,-1,-1,-1,-1,-1,62.75603104,-1,-1,-1,-1,-1,-1,-1,98.79180145,-1,-1,-1,-1,-1,-1,-1,-1,-1,99.59072876,-1,-1,-1,-1,-1,-1,-1,-1,-1,-1,98.47322845,-1,-1,-1,-1,-1,-1,-1,-1,-1,-1,-1,-1,87.09928131,-1,-1,-1,-1,-1,-1,-1,-1,-1,-1,-1,90.2490921,67.57360077,90.02174377,96.74859619,96.36093903,-1,-1,-1,-1,-1,-1,-1,-1,63.12662125,-1,-1,-1,-1,-1,-1,-1,-1,-1,-1,-1,-1,-1,-1,-1,-1,-1,-1,-1,-1,-1,-1,-1,49.42824173,-1,-1,-1,82.11241913,77.37692261,55.72774887,60.89603043,-1,52.67752075,-1,-1,-1,-1,-1,-1,-1,-1,-1,79.92012024,-1,-1,99.51265717,-1,98.70160675,-1,-1,-1,-1,-1,88.43566895,-1,-1,-1,-1,-1,88.79009247,51.18608093,50.34632874,-1,-1,63.98817825,77.13745117,-1,90.98285675,-1,-1,-1,-1,-1,-1,-1,-1,-1,-1,68.09252167,-1,-1,78.98827362,-1,-1,-1,-1,66.22840118,-1,-1,-1,-1,-1,-1,-1,-1,-1,-1,-1,-1,-1,-1,-1,-1,-1,-1,-1,-1,-1,78.70513153,-1,-1,-1,-1,-1,-1,-1,56.4571991,-1,-1,-1,-1,-1,88.8015213,-1,-1,-1,-1,-1,-1,56.91616821,-1,-1,-1,-1,76.59999847,-1,-1,-1,-1,-1,57.28224182,-1,57.35187912,81.34552002,-1,-1,-1,-1,-1,-1,-1,-1,-1,-1,-1,90.12407684,96.96105957,-1,-1,-1,-1,88.48100281,-1,66.01416779,-1,56.91616821,57.35187912,-1,-1,-1,-1,-1,-1,-1,90.26804352,-1,-1,-1,-1,-1,-1,-1,90.27829742,74,80.549263,-1,-1,-1,-1,68.00179291,-1
97.29125214,-1,-1,-1,-1,-1,-1,63.68452835,-1,-1,-1,-1,-1,-1,-1,-1,59.30361938,-1,-1,-1,-1,-1,-1,-1,96.6631012,-1,76.90297699,-1,-1,86.36788177,-1,-1,-1,-1,50.6451683,-1,98.5088501,-1,-1,-1,90.92021179,48.7407608,68.4091568,-1,-1,-1,68.48922729,76.11044312,94.86818695,87.92160797,-1,-1,-1,-1,-1,-1,-1,-1,-1,-1,-1,90.55647278,68.25022125,90.3138504,96.86665344,96.42076111,-1,-1,-1,-1,-1,99.76719666,-1,-1,60.74932861,-1,-1,-1,-1,-1,-1,-1,-1,57.89746857,-1,-1,36.81772995,41.35776901,88.3082962,-1,-1,-1,-1,-1,-1,-1,-1,-1,50.14255905,-1,-1,-1,82.49330139,77.55323792,55.17060089,57.86249924,-1,53.37303162,-1,-1,-1,-1,-1,74.05220032,-1,-1,-1,-1,-1,-1,-1,82.2290802,-1,-1,-1,-1,-1,-1,88.68908691,69.58312225,-1,-1,-1,-1,89.03314972,51.64733124,50.64358902,-1,-1,64.11306763,77.31916046,86.25443268,91.18414307,-1,-1,99.74656677,-1,-1,-1,-1,96.65380096,70.68617249,-1,69.10521698,90.53562164,-1,79.17662048,-1,-1,-1,89.9417572,67.2686615,-1,97.76885223,-1,-1,51.20767975,84.30309296,-1,88.6877594,-1,-1,-1,-1,-1,-1,-1,-1,-1,-1,-1,-1,-1,78.77767181,-1,91.89962006,-1,92.60005951,-1,57.34326172,-1,54.76243973,-1,-1,-1,-1,-1,88.98023987,-1,-1,-1,-1,-1,64.88860321,57.68935013,79.35093689,61.34587097,-1,92.54940033,-1,-1,-1,-1,-1,-1,55.90880966,-1,55.98175812,81.58441925,-1,-1,-1,-1,-1,81.66069794,-1,-1,-1,-1,25.65420914,90.43612671,97.06623077,53.17760086,92.64653778,99.45068359,-1,88.73613739,-1,67.05738068,-1,57.68935013,55.98175812,97.90000153,-1,-1,-1,-1,-1,-1,90.58653259,-1,-1,98.64257813,-1,-1,-1,-1,90.15612793,-1,80.6754303,-1,-1,-1,-1,-1,-1
-1,-1,-1,-1,67.4054184,98.71298218,-1,64.8777771,-1,97.1933136,99.40016174,-1,98.94999695,-1,-1,-1,-1,-1,-1,-1,47.48550034,98.20355988,86.54873657,-1,-1,-1,-1,-1,86.72367096,-1,-1,92.67112732,-1,-1,-1,-1,98.53581238,-1,-1,-1,-1,-1,-1,67.17298889,-1,-1,-1,-1,-1,88.22428894,-1,-1,-1,96.80362701,-1,-1,-1,-1,-1,-1,-1,91.00655365,68.67855835,90.73947906,96.94550323,96.51696014,90.98403168,-1,-1,-1,-1,-1,-1,-1,61.5615387,-1,-1,-1,-1,-1,-1,-1,-1,-1,-1,-1,-1,-1,-1,95.99436188,-1,-1,-1,-1,-1,-1,-1,80.0110321,51.00136185,98.14668274,-1,-1,82.84072876,77.94180298,55.94876099,58.79040146,-1,54.08272934,-1,61.0145607,-1,-1,-1,-1,-1,-1,98.41661835,-1,-1,-1,-1,-1,-1,-1,-1,-1,-1,-1,88.7828598,68.73439026,-1,-1,-1,-1,89.12870026,52.2954216,51.44028854,-1,90.68274689,64.61197662,77.71520233,-1,91.58641052,99.64575195,-1,-1,91.29537201,-1,-1,-1,-1,-1,-1,70.23477173,-1,-1,79.56095123,-1,-1,-1,-1,68.42131042,-1,-1,-1,-1,-1,-1,-1,-1,-1,84.94425964,-1,14.37604046,-1,76.67713165,-1,-1,48.60897064,-1,-1,-1,-1,79.47522736,-1,-1,-1,-1,-1,-1,-1,55.77254868,-1,-1,-1,-1,-1,89.16081238,-1,-1,-1,-1,-1,-1,58.13003922,-1,-1,-1,-1,-1,-1,-1,-1,-1,-1,56.89545059,-1,56.96620178,82.13945007,84.9085083,-1,-1,-1,-1,-1,-1,-1,-1,-1,-1,90.89234161,97.13755035,-1,-1,-1,-1,88.83763123,37.59999847,68.21524811,-1,58.13003922,56.96620178,-1,-1,-1,-1,-1,-1,99.43041229,90.97035217,-1,-1,-1,-1,92.97982788,-1,-1,-1,-1,80.99337006,-1,-1,-1,-1,-1,-1
-1,-1,-1,-1,-1,-1,-1,66.04557037,-1,-1,-1,-1,-1,-1,-1,-1,-1,-1,34.65784836,-1,-1,-1,-1,-1,-1,-1,-1,-1,-1,-1,-1,-1,-1,-1,-1,-1,98.56584167,-1,-1,95.7166214,-1,-1,-1,-1,-1,-1,-1,-1,-1,88.51087189,99.79907227,-1,-1,-1,-1,-1,-1,-1,-1,86.99646759,69.87349701,91.38469696,69.37242889,91.12373352,97.03177643,96.69612122,-1,-1,-1,52.51395035,-1,-1,-1,-1,62.0209198,-1,-1,-1,-1,-1,-1,-1,99.65235138,-1,-1,-1,-1,-1,-1,-1,-1,-1,69.10173035,-1,-1,-1,-1,-1,51.45423126,-1,-1,-1,83.26998901,78.39006805,56.65605927,59.4720993,-1,54.8130188,-1,-1,-1,-1,77,-1,-1,-1,-1,-1,-1,-1,-1,-1,-1,-1,-1,-1,-1,-1,88.8950882,-1,-1,-1,-1,-1,89.2387619,52.94678879,52.09558868,-1,-1,65.44853973,78.17275238,-1,91.90461731,-1,-1,-1,-1,-1,-1,-1,-1,-1,-1,70.68380737,90.27465057,-1,80.02049255,96.12892914,-1,-1,-1,68.73655701,-1,-1,-1,-1,-1,-1,-1,-1,-1,-1,-1,-1,-1,-1,-1,-1,-1,-1,-1,-1,-1,80.3061676,-1,-1,-1,-1,-1,-1,-1,56.35071945,-1,-1,-1,-1,-1,89.33029175,-1,-1,-1,97.29759216,99.44097137,-1,59.21207809,-1,-1,39.27524948,-1,-1,-1,-1,-1,-1,-1,57.39414978,-1,57.46339035,82.78546906,-1,-1,-1,-1,-1,-1,-1,91.8364563,82.88825226,-1,-1,91.27606964,97.21595764,-1,-1,-1,-1,88.95333862,-1,68.51264191,-1,59.21207809,57.46339035,-1,-1,-1,-1,69.43090057,68.14250946,-1,91.19953918,-1,-1,-1,-1,-1,-1,-1,-1,-1,81.39530945,-1,-1,-1,-1,69.14922333,-1
-1,-1,-1,-1,-1,-1,-1,68.68773651,-1,-1,-1,-1,-1,-1,-1,-1,-1,-1,-1,21.82291985,-1,-1,-1,-1,-1,-1,-1,-1,-1,-1,-1,-1,-1,81.18871307,-1,-1,98.58244324,-1,-1,-1,-1,-1,-1,-1,-1,-1,-1,-1,-1,88.78546906,-1,-1,-1,-1,-1,-1,-1,-1,-1,-1,-1,91.75576782,70.40444183,91.51486969,97.10565948,96.79019928,-1,-1,-1,-1,-1,-1,-1,-1,61.98640823,-1,-1,-1,-1,-1,-1,-1,-1,-1,-1,29.70401955,-1,-1,-1,-1,-1,-1,-1,-1,-1,-1,-1,-1,52.2774086,-1,58.7439003,-1,83.93496704,79.03051758,57.35177994,60.08760071,-1,55.55612183,-1,-1,-1,-1,-1,-1,-1,-1,-1,-1,89.89231873,-1,-1,-1,-1,-1,-1,-1,-1,-1,89.70629883,-1,-1,-1,-1,-1,90.00466919,53.79362869,52.57358932,-1,-1,66.3755722,78.82447815,-1,92.29730988,-1,-1,-1,-1,-1,-1,-1,-1,-1,-1,73.94261169,-1,-1,80.70118713,-1,24,-1,-1,72.39302063,97.77346039,-1,-1,48.15884018,-1,-1,-1,-1,-1,-1,-1,-1,54.7731781,-1,-1,-1,-1,-1,-1,-1,81.36331177,81.00531769,-1,-1,-1,92.59069061,-1,-1,-1,56.74930954,-1,-1,-1,-1,-1,89.47662354,-1,-1,-1,-1,-1,-1,60.10100174,-1,-1,-1,-1,-1,-1,-1,-1,-1,96.39723969,57.84003067,-1,57.90784836,83.3348465,-1,-1,-1,-1,-1,-1,-1,-1,-1,-1,-1,91.65274811,97.2803421,-1,-1,-1,-1,89.74697876,-1,72.20114899,-1,60.10100174,57.90784836,-1,-1,-1,-1,-1,-1,-1,91.73465729,-1,-1,-1,-1,-1,-1,-1,-1,-1,81.92431641,-1,-1,-1,-1,-1,-1
-1,-1,-1,-1,-1,-1,-1,69.63665771,-1,-1,-1,-1,-1,-1,-1,-1,-1,-1,-1,-1,-1,-1,-1,-1,-1,-1,-1,-1,-1,88.61624146,99.59999847,-1,-1,-1,-1,-1,98.60523224,-1,-1,-1,-1,-1,-1,-1,-1,92.8037796,-1,-1,-1,89.06015778,-1,-1,-1,-1,-1,-1,-1,-1,-1,-1,-1,92.09281921,71.19389343,91.86685181,97.28276825,96.91914368,-1,-1,-1,-1,97.16512299,-1,35.90000153,-1,63.12842178,-1,-1,-1,-1,-1,-1,-1,-1,-1,-1,-1,-1,-1,-1,-1,98.59999847,-1,-1,-1,-1,-1,-1,-1,53.71556854,-1,-1,-1,84.32956696,79.53421021,58.51794815,61.30728912,90.38478851,56.71012115,-1,-1,-1,-1,-1,-1,-1,-1,-1,-1,-1,-1,-1,-1,-1,73.6099472,-1,-1,-1,-1,89.68012238,-1,-1,-1,86.09999847,-1,89.98625183,55.00780869,54.10161972,-1,-1,67.12634277,79.3366394,-1,92.54673004,-1,-1,-1,-1,-1,52.30625916,-1,-1,-1,-1,74.85119629,90.95374298,-1,81.15908813,-1,-1,-1,-1,73.29116821,-1,-1,-1,-1,-1,-1,-1,-1,-1,-1,-1,-1,-1,-1,-1,-1,-1,-1,-1,-1,-1,81.33009338,-1,-1,87.66985321,-1,-1,-1,-1,57.68169022,-1,-1,-1,-1,92.47750854,89.63146973,-1,-1,86.73161316,-1,-1,-1,60.87245178,82.85774231,-1,-1,-1,-1,34.82678986,-1,-1,-1,-1,59.44001007,-1,59.50366974,83.61815643,-1,89.59806061,-1,99.69999695,-1,-1,-1,-1,80.84452057,-1,28.38142967,91.99475098,97.43356323,-1,-1,-1,-1,89.72917938,-1,73.10868073,-1,60.87245178,59.50366974,-1,74.29699707,87.36549377,-1,-1,-1,-1,92.01931763,-1,-1,-1,-1,-1,-1,-1,-1,78.40000153,82.34432983,-1,-1,54.09999847,-1,-1,-1
-1,-1,-1,-1,-1,-1,-1,69.21839905,90.03385162,-1,-1,-1,-1,-1,-1,-1,-1,-1,-1,23.52219963,-1,-1,-1,-1,-1,-1,-1,-1,-1,-1,-1,-1,52.81468964,-1,-1,-1,98.62796783,-1,-1,-1,-1,-1,-1,-1,76.11479187,92.84866333,-1,-1,-1,89.36508942,-1,-1,-1,-1,-1,-1,-1,-1,-1,-1,-1,92.46089935,70.98648071,92.24868774,97.49642181,96.92446899,-1,67.33187103,-1,-1,97.75068665,-1,29.8203392,-1,63.33919907,-1,-1,-1,-1,-1,-1,-1,-1,-1,-1,-1,-1,-1,-1,93.04431152,-1,-1,-1,-1,-1,-1,-1,-1,52.9545517,-1,-1,-1,84.36328888,79.46540833,58.21184921,60.70563889,-1,56.55477905,-1,-1,-1,-1,82.44120026,-1,-1,-1,-1,-1,91.13075256,-1,-1,-1,-1,-1,-1,-1,-1,93.27445984,90.17938232,72.70226288,-1,-1,-1,-1,90.46388245,54.78102112,53.38972092,-1,-1,66.75080872,79.26995087,-1,92.87256622,-1,-1,-1,-1,-1,-1,-1,-1,58.93593979,-1,74.43711853,91.63027191,-1,81.16108704,-1,-1,92.36309052,-1,72.70404816,-1,-1,-1,-1,-1,-1,-1,-1,-1,-1,-1,28.6724205,-1,78.00298309,-1,-1,-1,-1,-1,-1,-1,81.95787811,49.87363815,-1,87.90866852,-1,-1,-1,-1,57.17171097,-1,-1,-1,-1,-1,89.76138306,-1,-1,-1,-1,-1,-1,60.64292908,-1,-1,-1,-1,-1,-1,-1,-1,-1,-1,58.45846939,-1,58.524189,84.11855316,-1,-1,-1,-1,-1,-1,-1,-1,-1,-1,-1,92.36782074,97.61785126,-1,93.50646973,-1,-1,90.22467041,-1,72.50730133,-1,60.64292908,58.524189,-1,-1,88.22905731,-1,-1,-1,-1,92.38861084,-1,-1,-1,-1,-1,-1,-1,-1,-1,82.26029968,-1,-1,-1,-1,-1,-1
-1,-1,-1,-1,-1,-1,-1,68.13700867,-1,98.6108017,-1,-1,-1,-1,-1,-1,-1,-1,28.70211029,22.47257996,-1,-1,-1,-1,-1,-1,-1,-1,-1,89.61522675,-1,-1,-1,-1,-1,-1,98.63562775,-1,-1,-1,-1,-1,-1,-1,-1,92.29968262,-1,-1,-1,89.55641174,-1,-1,-1,-1,-1,-1,-1,-1,-1,-1,72.64868164,92.88398743,71.24601746,92.67111206,97.45501709,97.07691193,-1,66.36991119,-1,-1,97.75213623,-1,-1,-1,64.62336731,-1,-1,-1,-1,-1,-1,-1,-1,-1,-1,-1,-1,-1,-1,-1,-1,-1,-1,-1,-1,-1,-1,-1,51.33658981,-1,48.68502045,-1,84.42339325,79.73523712,59.59798813,66.53368378,91.98226929,55.70996857,-1,62.75447083,-1,-1,82.33132172,-1,-1,-1,-1,-1,-1,-1,-1,-1,-1,-1,-1,-1,-1,93.28211975,90.18083191,-1,-1,-1,-1,-1,90.47693634,53.78543854,51.52450943,-1,90.80883026,67.54707336,79.54496002,-1,93.09867096,-1,-1,-1,93.49974823,-1,-1,-1,-1,-1,98.39790344,74.57665253,91.73451996,-1,81.61647034,-1,26.17654991,-1,-1,72.69731903,-1,-1,-1,-1,-1,-1,-1,-1,-1,-1,-1,-1,70.198349,-1,-1,-1,-1,-1,-1,-1,-1,81.53321075,54.15121078,-1,88.69934082,-1,-1,-1,-1,58.5146904,-1,-1,-1,-1,93.4508667,89.87866974,-1,-1,-1,-1,-1,-1,60.81311035,-1,-1,41.89115143,-1,-1,-1,83.5594635,-1,-1,-1,59.70100021,-1,59.76356888,83.83615112,-1,-1,-1,-1,-1,-1,-1,-1,-1,-1,-1,92.79653931,97.58544159,56.88837051,-1,-1,-1,90.24040222,-1,72.49503326,99.01846313,60.81311035,59.76356888,-1,-1,88.1193924,-1,-1,71.37313843,-1,92.65444946,97.78962708,-1,-1,-1,-1,-1,-1,-1,-1,82.52599335,-1,-1,-1,-1,-1,-1
-1,-1,-1,-1,-1,-1,-1,68.62271881,-1,-1,-1,-1,-1,-1,-1,99.59319305,-1,-1,-1,28.29365921,46.66360092,-1,-1,-1,-1,-1,-1,-1,90.74346924,90.0093689,-1,-1,-1,-1,-1,-1,98.65406036,-1,-1,-1,-1,-1,70.67993927,61.20555115,-1,92.6517868,-1,-1,-1,90.15712738,-1,-1,98.86782074,-1,-1,-1,-1,-1,-1,88.24446106,-1,93.96147156,72.05181885,93.66002655,97.5509491,97.08747101,92.0967865,-1,-1,-1,97.93884277,-1,38.99597931,-1,60.51327896,-1,-1,-1,-1,-1,-1,-1,-1,-1,-1,-1,-1,-1,-1,93.93154907,-1,-1,-1,-1,-1,-1,-1,83.58898926,52.86616898,-1,-1,-1,85.49600983,80.10973358,57.21633911,59.77278137,-1,55.52550125,-1,-1,-1,-1,-1,-1,-1,-1,-1,-1,92.19957733,-1,-1,72.1570282,-1,-1,-1,-1,-1,93.6641922,90.70818329,-1,89.61244202,42.94107819,-1,-1,91.05056,53.34183121,52.86407852,-1,-1,67.3390274,79.91947174,-1,94.08682251,-1,-1,-1,-1,-1,-1,-1,-1,-1,-1,75.07904053,92.79517365,-1,81.94612885,-1,-1,-1,-1,73.11501312,-1,-1,-1,-1,45.50378036,-1,-1,-1,-1,76.48658752,-1,-1,-1,-1,-1,-1,-1,-1,-1,-1,-1,80.54794312,52.13682938,-1,89.59081268,-1,-1,-1,-1,54.71630859,-1,-1,-1,94.55821991,93.76170349,90.0419693,-1,-1,90.06062317,-1,-1,-1,61.71448135,-1,-1,-1,-1,-1,-1,82.02863312,-1,-1,-1,57.21604919,-1,57.28401184,83.23432159,-1,-1,-1,-1,-1,-1,-1,-1,-1,-1,-1,93.88739777,97.66927338,-1,-1,-1,-1,90.8343277,50.59999847,72.9098587,-1,61.71448135,57.28401184,-1,77.19039917,88.65589905,-1,-1,-1,-1,93.50337219,97.8638916,-1,-1,-1,95.1546402,-1,-1,-1,-1,82.8167572,-1,-1,-1,88.71724701,61.12709045,-1
-1,-1,-1,-1,-1,95.93863678,-1,69.62151337,-1,-1,-1,-1,-1,-1,-1,-1,48.08406067,-1,-1,-1,-1,-1,-1,-1,-1,-1,-1,-1,90.69811249,90.03662109,-1,-1,-1,-1,-1,-1,98.69184875,-1,-1,97.72245026,-1,-1,-1,-1,-1,93.37818146,-1,-1,-1,90.41947174,-1,-1,-1,-1,-1,-1,-1,-1,-1,-1,75.13604736,94.19860077,73.28067017,93.9256897,97.55497742,97.24707031,92.3900528,-1,-1,64.6629715,97.6306076,-1,-1,-1,60.53364944,-1,-1,-1,-1,-1,-1,-1,-1,-1,-1,-1,-1,-1,-1,-1,-1,-1,-1,-1,-1,-1,-1,-1,53.10871887,-1,-1,-1,85.84721375,80.68343353,59.00651169,61.00915146,92.19229889,57.61968994,-1,-1,-1,-1,82.96230316,-1,-1,-1,-1,-1,-1,-1,-1,-1,-1,76.87129211,-1,-1,97.96594238,93.89830017,90.98342896,-1,-1,-1,-1,-1,91.28936768,55.55593872,53.29275131,-1,90.55795288,68.59632111,80.50469971,-1,94.30425262,-1,-1,-1,-1,-1,55.1479187,-1,-1,-1,-1,75.76853943,92.92559814,-1,82.57232666,-1,-1,-1,-1,73.71544647,-1,-1,-1,-1,-1,-1,-1,-1,-1,-1,-1,-1,51.07765961,-1,-1,-1,-1,-1,-1,-1,86.62113953,81.72634125,55.526371,-1,-1,95.42009735,-1,-1,98.74273682,54.66102982,-1,99.99819183,-1,93.29208374,94.00984192,90.21459198,-1,-1,91.01075745,-1,-1,-1,63.63835144,-1,53.51737976,-1,-1,-1,-1,83.95130157,-1,-1,-1,57.30437851,26.83127975,57.37395096,84.1132431,69.53639221,94.62094116,-1,-1,-1,-1,-1,-1,-1,-1,-1,94.12741852,97.67836761,-1,-1,-1,-1,91.08239746,-1,73.51139832,-1,63.63835144,57.37395096,-1,77.7146225,-1,-1,-1,-1,-1,93.73737335,98.16355896,-1,-1,-1,-1,-1,-1,-1,-1,83.33973694,-1,-1,-1,-1,-1,-1
-1,-1,-1,-1,-1,-1,-1,68.30744934,-1,98.98342133,-1,-1,-1,-1,-1,99.75984192,-1,-1,-1,-1,-1,-1,-1,-1,-1,99.6170578,-1,-1,91.16783142,90.29821014,-1,-1,-1,-1,-1,-1,98.8988266,-1,-1,97.66423035,-1,-1,-1,-1,-1,93.24468994,-1,-1,-1,90.64427185,-1,-1,-1,-1,-1,-1,-1,-1,-1,-1,-1,94.51882935,74.14257813,94.2469101,98.06336975,97.41752625,92.24976349,-1,-1,-1,97.67926788,-1,-1,-1,60.02249146,-1,-1,-1,-1,-1,-1,-1,-1,-1,-1,-1,-1,-1,-1,93.90511322,-1,-1,-1,-1,84.99401093,-1,-1,-1,53.25833893,-1,-1,-1,86.25504303,81.05264282,59.48891068,61.94258881,92.58170319,57.88134003,-1,-1,-1,-1,-1,-1,-1,-1,-1,-1,-1,-1,99.73240662,-1,99.24343109,76.13796234,-1,-1,-1,-1,91.38371277,-1,91.18418884,-1,-1,-1,91.66851044,56.15462875,53.79566956,-1,-1,69.28161621,80.87705994,75.80020142,94.5845871,-1,-1,-1,-1,-1,56.08367157,-1,-1,64.48091125,-1,75.66799164,93.44187927,-1,82.96507263,-1,-1,-1,-1,73.45040894,-1,-1,-1,50.5838089,-1,-1,-1,-1,-1,-1,-1,-1,-1,-1,-1,-1,-1,-1,-1,-1,-1,81.08914948,54.89263916,-1,-1,-1,-1,-1,-1,53.95864105,-1,-1,-1,93.75424194,94.43018341,90.38349152,-1,-1,91.15142059,-1,-1,-1,64.33769226,-1,-1,48.03678131,-1,76.59999847,-1,84.10289001,-1,-1,-1,58.10976028,-1,58.17715073,83.67304993,-1,-1,-1,-1,-1,-1,-1,-1,-1,-1,-1,94.45156097,98.15779114,57.09337997,-1,-1,-1,91.47849274,-1,73.23497772,-1,64.33769226,58.17715073,-1,-1,90.81671906,-1,-1,-1,-1,94.00576019,98.26722717,-1,-1,-1,95.51199341,-1,-1,93.52044678,-1,83.62332916,-1,-1,-1,92.89485931,-1,-1
96.82263947,-1,-1,-1,-1,-1,-1,69.24862671,-1,98.95497131,-1,-1,-1,-1,-1,99.77114105,-1,-1,-1,-1,-1,-1,90.97740173,-1,-1,-1,-1,-1,-1,90.37918091,-1,-1,-1,-1,36.75260925,-1,98.91722107,-1,-1,-1,95.1244812,-1,71.29051208,-1,-1,93.37232971,-1,-1,-1,90.88845825,-1,-1,-1,-1,-1,-1,-1,-1,-1,89.53872681,-1,94.60774231,75.28292084,94.26799011,98.37867737,97.58094788,91.85404205,72.04785156,-1,-1,97.74890137,-1,-1,-1,60.28728867,-1,-1,-1,-1,-1,-1,-1,-1,71.49707031,-1,25.30773926,-1,-1,94.3705368,-1,-1,-1,-1,-1,-1,-1,-1,84.75536346,54.07489014,-1,-1,-1,86.83493042,81.57013702,60.02117157,62.39704895,-1,58.46443176,-1,-1,-1,-1,-1,-1,-1,-1,-1,-1,92.55104065,-1,99.78163147,-1,-1,-1,-1,-1,-1,94.4690094,91.39028931,-1,-1,-1,-1,-1,91.64585876,56.6507988,54.25215912,-1,91.18135834,70.50018311,81.40622711,-1,94.60774994,-1,-1,-1,-1,-1,-1,-1,-1,-1,-1,76.48091888,93.06893921,-1,83.5306778,-1,31.09975052,-1,-1,74.27388,-1,98.25700378,-1,-1,-1,-1,61.30971909,93.1178894,-1,-1,-1,-1,-1,-1,-1,-1,-1,-1,-1,-1,86.93900299,81.48590088,55.37519073,94.09411621,-1,-1,-1,61.59999847,-1,54.58861923,91.96523285,-1,-1,93.87091827,94.71748352,90.56085968,-1,-1,91.77884674,-1,99.68427277,65.85227203,66.01901245,-1,-1,-1,95.85733032,-1,-1,84.49272156,-1,-1,-1,58.66814041,-1,58.73373032,83.99236298,-1,94.67575073,-1,-1,-1,83.09828949,-1,93.95423126,-1,-1,-1,94.54157257,98.42804718,-1,96.4309082,-1,-1,91.45825195,58.30897903,74.06036377,-1,66.01901245,58.73373032,98.69999695,79.13057709,92.66059875,-1,67.80069733,73.21188354,-1,94.1479187,98.07270813,-1,-1,-1,-1,-1,-1,-1,-1,84.02162933,-1,-1,-1,92.87731934,83.00766754,-1
-1,-1,31.44885063,-1,-1,96.84529877,-1,71.06060791,-1,99.10832977,99.74440765,-1,98.94999695,-1,-1,99.77863312,-1,-1,-1,-1,58.7691803,98.35244751,-1,-1,98.14203644,-1,-1,-1,92.22615051,91.41123962,-1,96.08556366,-1,-1,-1,-1,98.93424988,-1,-1,96.70301056,-1,-1,-1,-1,79.31117249,93.58052826,-1,-1,97.40657806,91.08869171,-1,-1,-1,98.67842865,-1,-1,-1,-1,-1,90.10637665,-1,94.45590973,75.28800201,94.07524109,98.63468933,97.89367676,91.5868988,-1,-1,-1,97.78375244,99.88578796,-1,-1,60.10028076,-1,-1,-1,-1,-1,-1,-1,-1,-1,-1,-1,-1,-1,-1,97.36873627,-1,-1,-1,-1,-1,-1,-1,85.12329865,56.10511017,99.12535858,-1,-1,87.19532776,81.8302002,60.14294052,62.47045898,92.81191254,58.6186409,-1,69.3025589,-1,-1,-1,-1,-1,-1,98.84828186,-1,95.90444946,-1,-1,-1,-1,-1,-1,-1,-1,-1,92.01399994,58.28794098,-1,-1,-1,-1,92.23796082,56.76771164,56.16062164,-1,-1,70.71012115,81.6724472,-1,95.12831879,99.81559753,-1,99.89589691,95.64003754,-1,67.08415985,-1,-1,-1,-1,77.26802063,93.51998138,98.26508331,83.69687653,-1,30.61866951,93.30735779,-1,74.5091095,98.44220734,-1,-1,-1,-1,89.24983978,-1,-1,-1,88.27462769,-1,-1,-1,-1,-1,-1,59.62725067,-1,-1,-1,-1,82.19190979,54.73802185,-1,-1,-1,-1,-1,-1,56.30136108,-1,-1,94.47705078,-1,95.02581787,90.68676758,-1,-1,91.36408234,98.60428619,-1,-1,66.51319122,-1,-1,51.81454849,96.18604279,-1,-1,85.49398804,-1,-1,97.96240997,60.24391174,-1,60.3055191,84.53431702,-1,-1,-1,-1,-1,-1,-1,-1,-1,-1,-1,94.38781738,98.64798737,60.40993881,-1,-1,-1,92.06757355,-1,74.29205322,99.38552856,66.51319122,60.3055191,-1,79.65390778,94.10608673,-1,-1,-1,-1,94.37332916,98.33589935,-1,-1,-1,94.7702179,-1,-1,-1,-1,84.2837677,98.97325897,-1,-1,93.10214233,-1,83.58271027
-1,-1,-1,-1,-1,97.24697113,-1,74.43569183,-1,99.10523224,-1,-1,-1,-1,-1,99.77577209,-1,-1,32.94881821,-1,57.86074829,-1,-1,-1,-1,-1,-1,-1,94.46057129,91.33785248,-1,-1,55.31755829,-1,-1,-1,98.94538879,-1,-1,-1,-1,40.98162842,-1,75.01718903,-1,-1,49.19614029,85.32778931,-1,91.10729218,99.75253296,-1,-1,-1,-1,-1,-1,-1,-1,90.15518188,-1,94.67794037,75.91931915,94.31336212,98.76821899,97.99822235,92.06472778,73.86559296,-1,-1,97.89453888,-1,-1,-1,62.01156998,-1,-1,-1,-1,-1,82.28379822,-1,-1,-1,-1,-1,-1,-1,-1,-1,-1,-1,78.26486206,-1,-1,-1,-1,85.35555267,57.33340073,-1,-1,-1,87.69956207,82.35736084,61.03731918,63.87630844,-1,59.26576996,-1,-1,-1,-1,83.62599182,77.19999695,-1,-1,-1,-1,97.89031982,-1,-1,-1,-1,-1,-1,-1,-1,95.51316833,92.23848724,-1,-1,-1,-1,-1,92.46115875,57.50632095,56.63293839,-1,-1,71.58627319,82.20670319,-1,95.30020142,-1,-1,-1,-1,-1,69.42539215,-1,-1,71.57261658,-1,79.89382172,94.22840118,-1,84.26535797,-1,-1,-1,-1,77.51190948,-1,-1,-1,-1,-1,91.76600647,-1,-1,-1,-1,-1,30.56039047,-1,-1,-1,-1,-1,-1,-1,-1,-1,82.44003296,56.76433945,-1,93.84172821,-1,-1,-1,-1,58.8340683,-1,-1,-1,94.19747162,95.67101288,90.79221344,-1,-1,90.1700592,-1,-1,68.3310318,67.26777649,-1,-1,-1,96.36978912,-1,-1,-1,-1,-1,-1,61.37615967,-1,61.43904877,84.7060318,90.14309692,92.86865997,-1,-1,-1,-1,-1,-1,-1,-1,-1,94.61257935,98.76374054,-1,-1,-1,-1,92.29743958,-1,77.31735229,-1,67.26777649,61.43904877,-1,80.21875,94.9197464,-1,78.10059357,70.1982193,99.97434998,94.78501129,98.39594269,-1,-1,-1,-1,-1,-1,-1,-1,84.72968292,-1,-1,-1,93.7294693,-1,-1
-1,-1,-1,-1,-1,-1,-1,74.0435791,-1,99.12194824,-1,-1,-1,-1,-1,99.78936005,-1,-1,-1,-1,61.01554108,-1,-1,-1,96.99176788,-1,-1,-1,-1,91.48423767,-1,-1,-1,86.82318115,-1,-1,98.95433807,-1,-1,96.26705933,-1,-1,-1,-1,-1,-1,-1,-1,-1,91.1765213,-1,-1,-1,-1,-1,-1,-1,-1,-1,90.85814667,-1,94.77902222,76.42189789,94.42037201,98.81671906,98.06864166,93.29463196,72.44249725,-1,-1,98.07913208,-1,-1,-1,62.43822861,-1,-1,-1,-1,-1,-1,-1,-1,-1,-1,-1,41.95005035,-1,-1,-1,-1,-1,77.0386734,-1,-1,-1,-1,85.4644165,58.3261795,-1,-1,-1,87.86956024,82.59467316,61.81953049,63.7358284,-1,60.53036118,-1,-1,-1,-1,84.62680054,72.69999695,-1,-1,-1,-1,-1,-1,-1,-1,-1,-1,-1,-1,-1,95.58582306,92.31037903,-1,-1,-1,-1,-1,92.50705719,58.87498856,57.62022018,-1,-1,72.10707092,82.45152283,-1,95.36569977,-1,-1,-1,-1,-1,-1,-1,-1,-1,-1,79.69486237,93.96285248,-1,84.4799881,-1,-1,-1,-1,77.14050293,-1,-1,-1,-1,62.06874847,91.49002838,-1,-1,-1,-1,-1,-1,-1,-1,-1,-1,-1,-1,-1,-1,-1,82.88600159,55.59498978,-1,-1,96.39800262,99.50312805,-1,-1,59.53052902,-1,-1,-1,95.05903625,96.04602814,90.8894577,-1,-1,90.63298798,-1,-1,-1,68.0131073,94.4263382,-1,43.53450012,96.54801941,-1,32.42617035,86.76757813,-1,-1,-1,62.24433899,-1,62.30361176,85.03681946,-1,-1,-1,-1,-1,-1,-1,-1,-1,-1,-1,94.71494293,98.80722046,-1,93.70207214,-1,-1,92.34657288,-1,76.93566895,-1,68.0131073,62.30361176,-1,-1,95.25666046,-1,-1,-1,-1,94.84181976,98.36386871,-1,99.99485779,-1,-1,-1,-1,-1,-1,84.93171692,-1,-1,-1,-1,-1,-1
-1,-1,-1,-1,66.03011322,-1,-1,75.71389008,-1,98.99388885,-1,-1,-1,-1,-1,99.78898621,61.51348877,-1,-1,34.59939957,61.09329987,-1,-1,-1,-1,-1,-1,-1,-1,91.72943115,99.59999847,-1,-1,-1,-1,-1,98.96629333,-1,-1,-1,-1,43.90842056,-1,-1,-1,94.18624878,-1,-1,-1,91.34947968,-1,-1,-1,-1,-1,-1,-1,-1,-1,91.76376343,-1,95.19567108,77.23737335,94.91773224,98.84980774,98.11634827,94.22264099,-1,-1,-1,98.09371948,-1,-1,-1,63.40736008,-1,-1,-1,-1,-1,-1,-1,99.58618927,-1,-1,32.0038414,-1,45.5811615,-1,-1,98.59999847,-1,81.2858963,-1,85.63973236,-1,-1,87.19753265,59.1648407,-1,-1,99.09999847,88.34095764,83.07061005,62.59421921,64.59924316,95.11621857,61.27156067,-1,-1,-1,-1,84.70523834,82.19999695,-1,-1,-1,88.09999847,-1,-1,-1,78.73303986,-1,78.05509186,-1,-1,-1,-1,92.76419067,-1,-1,-1,-1,-1,92.94821167,59.62564087,58.02705002,-1,-1,72.8635788,82.93345642,76.6352005,95.53117371,-1,-1,-1,-1,-1,75.5861969,-1,99.3598938,-1,98.61012268,81.14234161,94.55587769,-1,84.99931335,97.80000305,-1,-1,-1,78.79463196,-1,-1,-1,-1,-1,92.47476196,65.14537048,-1,-1,-1,97.80000305,-1,-1,-1,-1,-1,-1,-1,-1,-1,91.98120117,83.30425262,56.97714996,-1,93.70794678,-1,-1,-1,-1,60.59999847,-1,-1,-1,95.03481293,96.21292877,90.94667816,-1,-1,91.3272171,-1,-1,70.80413055,68.73478699,-1,-1,-1,96.71669006,-1,-1,-1,-1,-1,-1,62.89559174,-1,62.95409012,85.36804199,-1,-1,-1,99.69999695,-1,-1,-1,-1,-1,-1,-1,95.13671112,98.83760071,-1,-1,99.80000305,99.69999695,92.80142212,-1,78.60375977,-1,68.73478699,62.95409012,-1,79.03643036,95.4396286,-1,-1,-1,-1,95.25861359,98.43592834,-1,99.98055267,-1,-1,-1,-1,-1,84.69999695,85.36060333,-1,-1,-1,94.13990021,-1,88.69342041
-1,-1,-1,-1,-1,-1,-1,73.49938965,-1,99.17996216,-1,-1,98.94999695,-1,-1,99.78806305,-1,-1,-1,-1,65.1373291,-1,-1,-1,-1,-1,-1,-1,92.45507813,92.04789734,-1,-1,-1,-1,-1,-1,98.9777298,-1,-1,96.87413025,-1,-1,-1,-1,-1,94.24504852,-1,86.79029083,-1,91.44355774,-1,-1,-1,-1,-1,-1,-1,-1,-1,91.99121094,-1,95.40923309,77.95578003,95.13826752,98.87846375,98.16487122,94.45565796,-1,-1,-1,98.14325714,-1,-1,-1,62.14889145,-1,-1,-1,-1,-1,-1,-1,-1,-1,-1,-1,50.77796936,-1,-1,-1,-1,-1,-1,-1,-1,-1,-1,87.90682983,59.64675903,-1,-1,-1,88.45137787,83.28063965,63.47595978,65.02774048,95.21793365,62.39786911,-1,-1,-1,-1,-1,-1,-1,-1,-1,-1,-1,-1,-1,-1,-1,80.52648926,-1,-1,-1,95.68544769,92.95179749,84.66104126,-1,-1,-1,-1,93.13275146,60.87612152,58.5800209,-1,-1,73.63826752,83.14720154,-1,95.6782608,-1,-1,-1,-1,-1,-1,-1,-1,-1,-1,79.43242645,94.47228241,-1,85.21755219,-1,33.06888962,-1,-1,76.62332153,-1,-1,-1,56.03900146,-1,92.70760345,62.14353943,-1,-1,-1,-1,-1,-1,82.61454773,-1,-1,-1,-1,-1,-1,93.03861237,84.69232178,-1,-1,94.16233826,98.18254852,96.59374237,-1,-1,59.66225052,-1,-1,-1,95.55484009,96.47711945,91.01599121,-1,-1,-1,-1,-1,-1,69.65734863,-1,-1,-1,96.82549286,-1,-1,87.96984863,-1,-1,-1,63.49285889,-1,63.54935837,86.4052124,-1,-1,-1,-1,-1,-1,-1,-1,-1,-1,26.00299072,95.35286713,98.86424255,63.74562073,92.86830902,-1,-1,92.9957962,-1,76.40354156,-1,69.65734863,63.54935837,-1,-1,95.60141754,-1,77.88722992,-1,-1,95.099617,98.52387238,-1,99.98383331,-1,96.60521698,-1,-1,-1,-1,85.54232025,-1,-1,-1,94.36791992,-1,-1
-1,-1,-1,-1,-1,-1,-1,74.84079742,-1,99.12500763,-1,-1,-1,-1,-1,99.79006195,-1,-1,-1,-1,72.7587204,-1,-1,-1,-1,-1,-1,-1,-1,92.80844116,-1,-1,-1,-1,-1,-1,98.99102783,-1,-1,-1,-1,-1,-1,77.04267883,-1,94.65384674,-1,-1,-1,-1,-1,-1,-1,-1,-1,-1,-1,-1,-1,93.77845764,-1,95.53955078,78.57810211,95.275383,98.99887848,98.25479126,94.35022736,-1,-1,-1,98.25051117,-1,-1,-1,64.27200317,-1,-1,-1,-1,-1,-1,-1,-1,-1,-1,-1,-1,-1,-1,-1,-1,-1,-1,-1,-1,-1,-1,88.98748016,60.4588089,-1,61.69134903,-1,88.81774902,83.81558228,64.92926788,65.72805786,95.37696838,64.25295258,-1,-1,-1,-1,85.54425049,83.30000305,-1,-1,-1,-1,-1,-1,-1,-1,-1,-1,-1,-1,-1,-1,93.42559052,-1,-1,-1,-1,-1,93.59496307,62.89241028,59.28538895,-1,92.38690186,74.35328674,83.6880188,-1,95.87560272,-1,-1,-1,96.5384903,-1,-1,-1,-1,-1,97.7349472,80.45519257,94.85961914,-1,85.77729034,-1,-1,-1,75.55120087,77.81655884,-1,-1,-1,-1,-1,93.15783691,-1,94.88057709,-1,-1,-1,-1,-1,-1,-1,-1,-1,-1,-1,-1,94.89998627,84.61511993,-1,-1,94.17366791,-1,-1,-1,-1,61.96347046,-1,-1,-1,94.65023804,96.7191925,91.14510345,-1,-1,93.14530182,-1,-1,-1,70.9991684,-1,-1,-1,97.04956055,-1,-1,88.14176941,-1,-1,98.84150696,64.20291138,-1,64.25765991,86.35237122,-1,-1,-1,-1,-1,-1,-1,-1,-1,-1,22.31155014,95.48483276,98.96904755,-1,-1,-1,-1,93.47264099,-1,77.60456848,-1,70.9991684,64.25765991,-1,-1,96.16732788,-1,-1,-1,-1,95.62375641,98.56147003,-1,99.98657227,-1,97.12709045,-1,-1,-1,-1,85.98551178,-1,-1,-1,-1,-1,-1
-1,-1,-1,-1,-1,-1,-1,75.76682281,-1,-1,99.73606873,-1,-1,-1,-1,99.79122925,68.37532806,-1,-1,-1,72.89296722,-1,-1,-1,-1,-1,-1,-1,-1,93.07582092,-1,-1,66.5611496,-1,-1,-1,-1,-1,-1,96.40228271,-1,-1,-1,-1,-1,-1,-1,-1,-1,-1,-1,-1,-1,-1,-1,-1,-1,-1,-1,-1,-1,95.72928619,79.01699829,95.47142792,98.97245789,98.27191925,92.82978821,71.16825104,-1,-1,-1,-1,51.7711792,-1,65.00601959,-1,-1,-1,-1,-1,-1,-1,99.36425781,-1,-1,-1,-1,-1,-1,-1,-1,-1,-1,-1,-1,-1,-1,-1,61.38893127,-1,-1,-1,89.0443573,84.09641266,65.69051361,66.58383179,-1,64.97927856,-1,-1,-1,-1,-1,85.59999847,-1,-1,-1,-1,-1,-1,-1,-1,-1,-1,-1,-1,-1,96.03594971,93.57028198,-1,-1,48.30136108,-1,-1,93.70874786,63.68294144,60.10514832,-1,91.89575195,75.00414276,83.97683716,-1,96.01103973,-1,-1,-1,-1,-1,-1,-1,-1,-1,-1,81.52539825,94.97277832,-1,86.05455017,-1,-1,-1,-1,79.03476715,-1,-1,-1,60.65542984,53.49758911,-1,-1,95.08264923,-1,-1,-1,-1,-1,-1,-1,-1,-1,-1,-1,-1,95.5759964,84.82926178,59.13204956,-1,94.14961243,-1,-1,-1,-1,62.92971039,92.38999939,-1,-1,-1,96.92440033,91.27796936,-1,-1,93.46396637,-1,-1,-1,71.69515228,95.32862854,-1,51.90042114,97.2022171,-1,-1,88.48271179,-1,-1,-1,64.46804047,-1,64.51748657,86.51476288,-1,-1,-1,-1,-1,-1,-1,-1,-1,-1,-1,95.6769104,98.948349,-1,-1,-1,-1,93.59078217,-1,78.83197784,-1,71.69515228,64.51748657,-1,-1,96.15052795,-1,-1,-1,-1,95.67085266,98.61572266,-1,-1,-1,-1,-1,-1,-1,-1,86.22016144,-1,-1,-1,87.04666901,-1,-1
97.80741882,-1,-1,-1,-1,98.14115143,-1,72.86908722,-1,99.0038681,-1,-1,-1,-1,-1,-1,-1,-1,42.36240005,39.3458519,73.91220093,-1,-1,-1,-1,-1,-1,-1,-1,93.22750092,-1,97.21411133,-1,-1,37.39582062,-1,-1,-1,-1,-1,96.84088898,-1,77.07103729,-1,80.29875946,95.09250641,58.81702042,-1,97.86379242,-1,-1,-1,-1,-1,-1,-1,-1,-1,-1,-1,81.40783691,95.87911987,79.35413361,95.62532043,99.00773621,98.33351898,-1,-1,-1,76.57051849,98.43650055,-1,-1,-1,63.49599075,-1,-1,-1,-1,-1,84.66716003,-1,-1,79.03964233,-1,39.6176796,-1,-1,-1,97.93595123,-1,-1,80.81067657,-1,-1,-1,-1,87.20523834,61.88288879,-1,-1,-1,89.06654358,84.12513733,66.02430725,66.5693512,95.65856171,65.49887085,-1,74.37299347,-1,-1,-1,-1,-1,-1,99.15576172,-1,98.22711182,-1,99.78163147,81.53497314,99.58599854,-1,-1,-1,-1,96.05647278,93.72753143,-1,95.06944275,-1,-1,-1,93.86865997,64.27587891,60.49671173,-1,91.70982361,75.431633,84.00708771,-1,96.15605927,-1,-1,99.88931274,-1,-1,73.75000763,-1,-1,76.67967987,-1,78.98143005,95.37991333,-1,86.08866119,-1,35.47377014,94.50318909,-1,75.96434021,98.84718323,98.42311859,-1,-1,-1,91.32539368,-1,94.85440826,-1,91.52726746,-1,35.04999924,62.01601028,-1,-1,-1,67.90843201,-1,-1,-1,95.6515274,85.06986237,57.01057053,95.41181183,94.40827179,-1,-1,-1,-1,62.00146866,-1,-1,96.1375885,94.02079773,97.21861267,91.29380798,-1,-1,-1,98.84449768,99.73005676,73.21559143,72.24388123,-1,60.6971817,-1,97.34485626,-1,43.20632935,89.00859833,-1,-1,-1,64.99101257,34.52275848,65.03897858,86.69132233,92.81664276,94.38327026,-1,-1,-1,88.41938019,-1,95.8677063,-1,-1,-1,95.82859802,98.9805069,-1,93.76776123,-1,-1,93.7561264,68.0668335,75.72257996,99.41436768,72.24388123,65.03897858,-1,-1,-1,-1,-1,76.52749634,-1,95.45144653,98.70385742,-1,99.9928894,-1,-1,-1,-1,-1,87.50630951,86.24694061,99.09577179,-1,-1,-1,86.74796295,-1
-1,-1,-1,-1,-1,-1,-1,73.11425018,97.55692291,-1,-1,-1,-1,-1,-1,99.79598236,-1,-1,-1,-1,74.6844635,-1,-1,-1,-1,99.87400055,-1,-1,-1,-1,-1,-1,-1,-1,-1,-1,-1,-1,-1,-1,-1,89.89341736,-1,-1,-1,95.24926758,-1,-1,-1,-1,-1,-1,-1,-1,-1,-1,-1,-1,-1,-1,-1,96.0267868,79.84098816,95.7740097,99.04348755,98.37896729,-1,-1,-1,-1,-1,-1,-1,-1,63.74937057,-1,-1,-1,-1,-1,-1,-1,99.55844116,-1,-1,-1,-1,-1,-1,-1,-1,-1,-1,-1,-1,-1,-1,88.50743103,62.5051918,-1,-1,-1,89.36553192,84.4069519,66.52632904,66.98145294,-1,66.05657196,-1,-1,-1,-1,-1,-1,-1,-1,-1,-1,-1,-1,-1,-1,-1,-1,-1,-1,-1,-1,94.17028046,-1,-1,-1,-1,-1,94.29450989,64.85780334,60.95804977,-1,92.25296021,75.96756744,84.29309082,-1,96.34008026,-1,-1,-1,-1,-1,-1,-1,-1,-1,-1,79.31014252,-1,-1,86.39626312,-1,-1,-1,89.06994629,76.34240723,-1,-1,-1,-1,-1,-1,-1,94.97113037,-1,-1,-1,-1,-1,-1,-1,-1,-1,-1,-1,-1,-1,85.36422729,57.99885941,95.73607635,-1,96.27816772,-1,-1,-1,62.55918121,-1,-1,-1,93.21353149,97.37825775,-1,-1,-1,-1,-1,-1,-1,72.95144653,-1,-1,-1,97.47958374,-1,-1,89.13791656,-1,-1,99.48252869,65.42196655,-1,65.46861267,86.90550232,-1,-1,-1,-1,-1,-1,-1,-1,-1,-1,-1,95.97810364,99.01315308,66.53707886,-1,-1,-1,94.19448853,-1,76.09990692,-1,72.95144653,65.46861267,-1,-1,96.74221039,-1,-1,-1,-1,95.64833832,98.7703476,-1,99.99994659,-1,-1,-1,-1,95.7538681,-1,86.478302,-1,-1,-1,95.02297211,-1,-1
-1,-1,-1,-1,-1,-1,-1,73.36776733,-1,-1,99.78861237,-1,-1,-1,-1,-1,-1,-1,-1,-1,74.9088974,-1,-1,-1,-1,-1,-1,-1,-1,-1,-1,-1,-1,-1,-1,-1,-1,-1,-1,-1,-1,-1,-1,-1,-1,95.63632965,-1,-1,-1,-1,-1,-1,-1,-1,-1,-1,-1,-1,-1,-1,-1,96.17314911,80.30725861,95.91979218,99.07746887,98.42828369,93.62609863,-1,-1,-1,98.59445953,-1,-1,-1,63.98188019,-1,-1,-1,-1,-1,-1,-1,-1,-1,-1,-1,-1,-1,-1,-1,-1,-1,-1,-1,-1,-1,-1,-1,63.05041122,-1,-1,-1,89.62664032,84.65379333,67.00737,67.39232635,95.99900818,66.58264923,-1,-1,-1,-1,-1,-1,-1,-1,-1,-1,-1,-1,-1,-1,-1,-1,-1,-1,-1,96.45754242,94.33152771,-1,-1,-1,-1,-1,94.45123291,65.41577911,61.3689003,-1,-1,76.48845673,84.54367065,-1,96.47219849,-1,-1,-1,-1,-1,-1,-1,-1,-1,-1,79.64868164,95.24784851,-1,86.67131042,98.36357117,30.76140976,-1,-1,76.71839142,-1,99.18327332,-1,-1,-1,-1,-1,-1,-1,-1,-1,-1,-1,-1,-1,-1,-1,-1,-1,-1,-1,85.63774872,-1,-1,94.49793243,-1,-1,-1,-1,63.07902908,-1,-1,-1,94.54454803,97.5144577,-1,-1,-1,-1,-1,-1,-1,73.65451813,97.58506775,-1,-1,-1,-1,-1,-1,-1,-1,-1,65.81336975,-1,65.85871887,87.10610962,-1,-1,-1,-1,-1,-1,-1,-1,-1,-1,-1,96.12631989,99.04428101,-1,-1,-1,-1,94.35630798,-1,76.47659302,-1,73.65451813,65.85871887,-1,-1,-1,-1,-1,-1,-1,95.79682159,-1,-1,-1,-1,-1,-1,-1,-1,-1,86.68221283,-1,-1,-1,-1,-1,-1
